"0","# =========================================================="
"0","# Fazendo predições com a rede neural treinada "
"0","?compute"
"0","# Vamos usar a função compute (do pacote neural net)"
"0","RNA_pred_norm = neuralnet::compute(modelo_RNA, dados_norm_teste[1:13])"
"0","RNA_pred_norm"
"1","$neurons
"
"1","$neurons[[1]]
"
"1","   "
"1","  "
"1","         crim"
"1","    zn"
"1","      indus"
"1"," chas"
"1","        nox"
"1","         rm"
"1","        age"
"1","          dis"
"1","        rad"
"1","         tax"
"1","    ptratio"
"1","       black"
"1","      lstat"
"1","
2  "
"1"," 1"
"1"," 2.359225e-04"
"1"," 0.000"
"1"," 0.24230205"
"1","    0"
"1"," 0.17283951"
"1"," 0.54799770"
"1"," 0.78269825"
"1"," 0.3489619802"
"1"," 0.04347826"
"1"," 0.104961832"
"1"," 0.55319149"
"1"," 1.000000000"
"1"," 0.20447020"
"1","
5  "
"1"," 1"
"1"," 7.050701e-04"
"1"," 0.000"
"1"," 0.06304985"
"1","    0"
"1"," 0.15020576"
"1"," 0.68710481"
"1"," 0.52832132"
"1"," 0.4485445898"
"1"," 0.08695652"
"1"," 0.066793893"
"1"," 0.64893617"
"1"," 1.000000000"
"1"," 0.09933775"
"1","
9  "
"1"," 1"
"1"," 2.303251e-03"
"1"," 0.125"
"1"," 0.27162757"
"1","    0"
"1"," 0.28600823"
"1"," 0.39662771"
"1"," 1.00000000"
"1"," 0.4503541907"
"1"," 0.17391304"
"1"," 0.236641221"
"1"," 0.27659574"
"1"," 0.974103586"
"1"," 0.77814570"
"1","
12 "
"1"," 1"
"1"," 1.249299e-03"
"1"," 0.125"
"1"," 0.27162757"
"1","    0"
"1"," 0.28600823"
"1"," 0.46905537"
"1"," 0.82389289"
"1"," 0.4635033509"
"1"," 0.17391304"
"1"," 0.236641221"
"1"," 0.27659574"
"1"," 1.000000000"
"1"," 0.31843267"
"1","
19 "
"1"," 1"
"1"," 8.951232e-03"
"1"," 0.000"
"1"," 0.28152493"
"1","    0"
"1"," 0.31481481"
"1"," 0.36309638"
"1"," 0.34706488"
"1"," 0.2425137993"
"1"," 0.13043478"
"1"," 0.229007634"
"1"," 0.89361702"
"1"," 0.727898532"
"1"," 0.27483444"
"1","
23 "
"1"," 1"
"1"," 1.378163e-02"
"1"," 0.000"
"1"," 0.28152493"
"1","    0"
"1"," 0.31481481"
"1"," 0.49453918"
"1"," 0.91452111"
"1"," 0.2589184225"
"1"," 0.13043478"
"1"," 0.229007634"
"1"," 0.89361702"
"1"," 1.000000000"
"1"," 0.46881898"
"1","
26 "
"1"," 1"
"1"," 9.376432e-03"
"1"," 0.000"
"1"," 0.28152493"
"1","    0"
"1"," 0.31481481"
"1"," 0.39049626"
"1"," 0.85272915"
"1"," 0.3023579372"
"1"," 0.13043478"
"1"," 0.229007634"
"1"," 0.89361702"
"1"," 0.764284634"
"1"," 0.40783664"
"1","
27 "
"1"," 1"
"1"," 7.481071e-03"
"1"," 0.000"
"1"," 0.28152493"
"1","    0"
"1"," 0.31481481"
"1"," 0.43150029"
"1"," 0.90010299"
"1"," 0.3230364921"
"1"," 0.13043478"
"1"," 0.229007634"
"1"," 0.89361702"
"1"," 0.949518382"
"1"," 0.36092715"
"1","
34 "
"1"," 1"
"1"," 1.287402e-02"
"1"," 0.000"
"1"," 0.28152493"
"1","    0"
"1"," 0.31481481"
"1"," 0.41004024"
"1"," 0.94850669"
"1"," 0.2416681065"
"1"," 0.13043478"
"1"," 0.229007634"
"1"," 0.89361702"
"1"," 0.903852943"
"1"," 0.45860927"
"1","
35 "
"1"," 1"
"1"," 1.805667e-02"
"1"," 0.000"
"1"," 0.28152493"
"1","    0"
"1"," 0.31481481"
"1"," 0.48572523"
"1"," 0.96807415"
"1"," 0.2391764952"
"1"," 0.13043478"
"1"," 0.229007634"
"1"," 0.89361702"
"1"," 0.625321499"
"1"," 0.51352097"
"1","
37 "
"1"," 1"
"1"," 1.024167e-03"
"1"," 0.000"
"1"," 0.20161290"
"1","    0"
"1"," 0.23456790"
"1"," 0.43686530"
"1"," 0.60247168"
"1"," 0.2044485264"
"1"," 0.17391304"
"1"," 0.175572519"
"1"," 0.70212766"
"1"," 0.951233043"
"1"," 0.26710817"
"1","
38 "
"1"," 1"
"1"," 8.297190e-04"
"1"," 0.000"
"1"," 0.20161290"
"1","    0"
"1"," 0.23456790"
"1"," 0.43858977"
"1"," 0.39752832"
"1"," 0.2550355100"
"1"," 0.17391304"
"1"," 0.175572519"
"1"," 0.70212766"
"1"," 1.000000000"
"1"," 0.19426049"
"1","
45 "
"1"," 1"
"1"," 1.307971e-03"
"1"," 0.000"
"1"," 0.23643695"
"1","    0"
"1"," 0.12962963"
"1"," 0.48055183"
"1"," 0.38208033"
"1"," 0.4175085706"
"1"," 0.08695652"
"1"," 0.087786260"
"1"," 0.56382979"
"1"," 0.981063089"
"1"," 0.21578366"
"1","
50 "
"1"," 1"
"1"," 2.399127e-03"
"1"," 0.000"
"1"," 0.23643695"
"1","    0"
"1"," 0.12962963"
"1"," 0.39107109"
"1"," 0.60865088"
"1"," 0.4508634251"
"1"," 0.08695652"
"1"," 0.087786260"
"1"," 0.56382979"
"1"," 1.000000000"
"1"," 0.39928256"
"1","
51 "
"1"," 1"
"1"," 9.262685e-04"
"1"," 0.210"
"1"," 0.18988270"
"1","    0"
"1"," 0.11111111"
"1"," 0.46024143"
"1"," 0.44078270"
"1"," 0.5169729651"
"1"," 0.13043478"
"1"," 0.106870229"
"1"," 0.44680851"
"1"," 0.996621110"
"1"," 0.32339956"
"1","
52 "
"1"," 1"
"1"," 4.164331e-04"
"1"," 0.210"
"1"," 0.18988270"
"1","    0"
"1"," 0.11111111"
"1"," 0.48936578"
"1"," 0.61894954"
"1"," 0.5169729651"
"1"," 0.13043478"
"1"," 0.106870229"
"1"," 0.44680851"
"1"," 0.992611831"
"1"," 0.21247241"
"1","
53 "
"1"," 1"
"1"," 5.314158e-04"
"1"," 0.210"
"1"," 0.18988270"
"1","    0"
"1"," 0.11111111"
"1"," 0.56524238"
"1"," 0.18743563"
"1"," 0.5169729651"
"1"," 0.13043478"
"1"," 0.106870229"
"1"," 0.44680851"
"1"," 1.000000000"
"1"," 0.09795806"
"1","
54 "
"1"," 1"
"1"," 4.888171e-04"
"1"," 0.210"
"1"," 0.18988270"
"1","    0"
"1"," 0.11111111"
"1"," 0.46694769"
"1"," 0.19052523"
"1"," 0.5169729651"
"1"," 0.13043478"
"1"," 0.106870229"
"1"," 0.44680851"
"1"," 1.000000000"
"1"," 0.18487859"
"1","
56 "
"1"," 1"
"1"," 7.631796e-05"
"1"," 0.900"
"1"," 0.02785924"
"1","    0"
"1"," 0.03703704"
"1"," 0.70664878"
"1"," 0.19567456"
"1"," 0.6881030108"
"1"," 0.17391304"
"1"," 0.074427481"
"1"," 0.56382979"
"1"," 0.997554087"
"1"," 0.08498896"
"1","
57 "
"1"," 1"
"1"," 1.599418e-04"
"1"," 0.850"
"1"," 0.01026393"
"1","    0"
"1"," 0.05144033"
"1"," 0.54071661"
"1"," 0.33779609"
"1"," 0.7327519574"
"1"," 0.04347826"
"1"," 0.240458015"
"1"," 0.50000000"
"1"," 1.000000000"
"1"," 0.11147903"
"1","
58 "
"1"," 1"
"1"," 8.991807e-05"
"1"," 1.000"
"1"," 0.03152493"
"1","    0"
"1"," 0.05349794"
"1"," 0.62368270"
"1"," 0.38722966"
"1"," 0.6542934827"
"1"," 0.17391304"
"1"," 0.131679389"
"1"," 0.26595745"
"1"," 0.989913763"
"1"," 0.06125828"
"1","
70 "
"1"," 1"
"1"," 1.369452e-03"
"1"," 0.125"
"1"," 0.20564516"
"1","    0"
"1"," 0.04938272"
"1"," 0.44529603"
"1"," 0.30998970"
"1"," 0.4881739399"
"1"," 0.13043478"
"1"," 0.301526718"
"1"," 0.67021277"
"1"," 1.000000000"
"1"," 0.19481236"
"1","
75 "
"1"," 1"
"1"," 8.164561e-04"
"1"," 0.000"
"1"," 0.45344575"
"1","    0"
"1"," 0.10699588"
"1"," 0.51963978"
"1"," 0.03192585"
"1"," 0.2838890960"
"1"," 0.17391304"
"1"," 0.402671756"
"1"," 0.64893617"
"1"," 0.995007313"
"1"," 0.13934879"
"1","
80 "
"1"," 1"
"1"," 8.716433e-04"
"1"," 0.000"
"1"," 0.45344575"
"1","    0"
"1"," 0.10699588"
"1"," 0.44318835"
"1"," 0.34706488"
"1"," 0.3067228037"
"1"," 0.17391304"
"1"," 0.402671756"
"1"," 0.64893617"
"1"," 0.997881890"
"1"," 0.20336645"
"1","
82 "
"1"," 1"
"1"," 4.304828e-04"
"1"," 0.250"
"1"," 0.16129032"
"1","    0"
"1"," 0.08436214"
"1"," 0.58593600"
"1"," 0.69515963"
"1"," 0.3883912739"
"1"," 0.13043478"
"1"," 0.179389313"
"1"," 0.68085106"
"1"," 0.996797620"
"1"," 0.15149007"
"1","
100"
"1"," 1"
"1"," 7.000122e-04"
"1"," 0.000"
"1"," 0.08907625"
"1","    0"
"1"," 0.12345679"
"1"," 0.73864725"
"1"," 0.61380021"
"1"," 0.2151151688"
"1"," 0.04347826"
"1"," 0.169847328"
"1"," 0.57446809"
"1"," 1.000000000"
"1"," 0.12306843"
"1","
108"
"1"," 1"
"1"," 1.403284e-03"
"1"," 0.000"
"1"," 0.29692082"
"1","    0"
"1"," 0.27777778"
"1"," 0.49166507"
"1"," 0.84757981"
"1"," 0.0902799880"
"1"," 0.17391304"
"1"," 0.375954198"
"1"," 0.88297872"
"1"," 0.976776439"
"1"," 0.34105960"
"1","
113"
"1"," 1"
"1"," 1.314715e-03"
"1"," 0.000"
"1"," 0.35007331"
"1","    0"
"1"," 0.33333333"
"1"," 0.45066105"
"1"," 0.92687951"
"1"," 0.1112859078"
"1"," 0.21739130"
"1"," 0.467557252"
"1"," 0.55319149"
"1"," 0.995082959"
"1"," 0.39955850"
"1","
118"
"1"," 1"
"1"," 1.625944e-03"
"1"," 0.000"
"1"," 0.35007331"
"1","    0"
"1"," 0.33333333"
"1"," 0.47135467"
"1"," 0.82080330"
"1"," 0.1471141867"
"1"," 0.21739130"
"1"," 0.467557252"
"1"," 0.55319149"
"1"," 0.993973473"
"1"," 0.23647903"
"1","
120"
"1"," 1"
"1"," 1.556032e-03"
"1"," 0.000"
"1"," 0.35007331"
"1","    0"
"1"," 0.33333333"
"1"," 0.41578847"
"1"," 0.64160659"
"1"," 0.1481872164"
"1"," 0.21739130"
"1"," 0.467557252"
"1"," 0.55319149"
"1"," 0.986383580"
"1"," 0.32781457"
"1","
121"
"1"," 1"
"1"," 7.043957e-04"
"1"," 0.000"
"1"," 0.92338710"
"1","    0"
"1"," 0.40329218"
"1"," 0.44242192"
"1"," 0.68795057"
"1"," 0.1025834553"
"1"," 0.04347826"
"1"," 0.001908397"
"1"," 0.69148936"
"1"," 0.980457915"
"1"," 0.34878587"
"1","
130"
"1"," 1"
"1"," 9.834002e-03"
"1"," 0.000"
"1"," 0.78555718"
"1","    0"
"1"," 0.49176955"
"1"," 0.39777735"
"1"," 0.94541710"
"1"," 0.0773217907"
"1"," 0.13043478"
"1"," 0.477099237"
"1"," 0.91489362"
"1"," 1.000000000"
"1"," 0.45833333"
"1","
134"
"1"," 1"
"1"," 3.636062e-03"
"1"," 0.000"
"1"," 0.78555718"
"1","    0"
"1"," 0.49176955"
"1"," 0.43322476"
"1"," 0.95262616"
"1"," 0.1218798025"
"1"," 0.13043478"
"1"," 0.477099237"
"1"," 0.91489362"
"1"," 0.979297998"
"1"," 0.36699779"
"1","
135"
"1"," 1"
"1"," 1.090088e-02"
"1"," 0.000"
"1"," 0.78555718"
"1","    0"
"1"," 0.49176955"
"1"," 0.42077026"
"1"," 0.98352214"
"1"," 0.1106129909"
"1"," 0.13043478"
"1"," 0.477099237"
"1"," 0.91489362"
"1"," 0.661758031"
"1"," 0.42991170"
"1","
142"
"1"," 1"
"1"," 1.823449e-02"
"1"," 0.000"
"1"," 0.78555718"
"1","    0"
"1"," 0.49176955"
"1"," 0.27936386"
"1"," 1.00000000"
"1"," 0.0281715756"
"1"," 0.13043478"
"1"," 0.477099237"
"1"," 0.91489362"
"1"," 1.000000000"
"1"," 0.90176600"
"1","
150"
"1"," 1"
"1"," 3.065813e-02"
"1"," 0.000"
"1"," 0.70087977"
"1","    0"
"1"," 1.00000000"
"1"," 0.39011305"
"1"," 0.94747683"
"1"," 0.0360192418"
"1"," 0.17391304"
"1"," 0.412213740"
"1"," 0.22340426"
"1"," 0.886403752"
"1"," 0.54415011"
"1","
152"
"1"," 1"
"1"," 1.674724e-02"
"1"," 0.000"
"1"," 0.70087977"
"1","    0"
"1"," 1.00000000"
"1"," 0.35313278"
"1"," 1.00000000"
"1"," 0.0420118397"
"1"," 0.17391304"
"1"," 0.412213740"
"1"," 0.22340426"
"1"," 0.860557769"
"1"," 0.31870861"
"1","
159"
"1"," 1"
"1"," 1.502216e-02"
"1"," 0.000"
"1"," 0.70087977"
"1","    0"
"1"," 0.45267490"
"1"," 0.47997701"
"1"," 1.00000000"
"1"," 0.0570797225"
"1"," 0.17391304"
"1"," 0.412213740"
"1"," 0.22340426"
"1"," 0.891547733"
"1"," 0.12969095"
"1","
162"
"1"," 1"
"1"," 1.637678e-02"
"1"," 0.000"
"1"," 0.70087977"
"1","    0"
"1"," 0.45267490"
"1"," 0.75263460"
"1"," 0.90525232"
"1"," 0.0765033782"
"1"," 0.17391304"
"1"," 0.412213740"
"1"," 0.22340426"
"1"," 0.943340562"
"1"," 0.00000000"
"1","
164"
"1"," 1"
"1"," 1.700238e-02"
"1"," 0.000"
"1"," 0.70087977"
"1","    1"
"1"," 0.45267490"
"1"," 0.92239893"
"1"," 0.93717817"
"1"," 0.0938810028"
"1"," 0.17391304"
"1"," 0.412213740"
"1"," 0.22340426"
"1"," 0.978692824"
"1"," 0.04387417"
"1","
166"
"1"," 1"
"1"," 3.279402e-02"
"1"," 0.000"
"1"," 0.70087977"
"1","    0"
"1"," 0.45267490"
"1"," 0.48668327"
"1"," 0.92790937"
"1"," 0.1049204776"
"1"," 0.17391304"
"1"," 0.412213740"
"1"," 0.22340426"
"1"," 0.604770790"
"1"," 0.22295806"
"1","
170"
"1"," 1"
"1"," 2.746109e-02"
"1"," 0.000"
"1"," 0.70087977"
"1","    0"
"1"," 0.45267490"
"1"," 0.54435716"
"1"," 0.95056643"
"1"," 0.1030199420"
"1"," 0.17391304"
"1"," 0.412213740"
"1"," 0.22340426"
"1"," 0.831408543"
"1"," 0.26462472"
"1","
171"
"1"," 1"
"1"," 1.350007e-02"
"1"," 0.000"
"1"," 0.70087977"
"1","    0"
"1"," 0.45267490"
"1"," 0.44337996"
"1"," 0.94438723"
"1"," 0.1178786749"
"1"," 0.17391304"
"1"," 0.412213740"
"1"," 0.22340426"
"1"," 0.736219678"
"1"," 0.35044150"
"1","
174"
"1"," 1"
"1"," 9.605498e-04"
"1"," 0.000"
"1"," 0.13159824"
"1","    0"
"1"," 0.25720165"
"1"," 0.54703966"
"1"," 0.83625129"
"1"," 0.1379206867"
"1"," 0.17391304"
"1"," 0.208015267"
"1"," 0.42553191"
"1"," 0.996469817"
"1"," 0.20171082"
"1","
177"
"1"," 1"
"1"," 7.182206e-04"
"1"," 0.000"
"1"," 0.13159824"
"1","    0"
"1"," 0.25720165"
"1"," 0.47116306"
"1"," 0.45623069"
"1"," 0.2205439715"
"1"," 0.17391304"
"1"," 0.208015267"
"1"," 0.42553191"
"1"," 0.990745877"
"1"," 0.23123620"
"1","
178"
"1"," 1"
"1"," 5.387216e-04"
"1"," 0.000"
"1"," 0.13159824"
"1","    0"
"1"," 0.25720165"
"1"," 0.52768730"
"1"," 0.72605561"
"1"," 0.1989560694"
"1"," 0.17391304"
"1"," 0.208015267"
"1"," 0.42553191"
"1"," 0.996721973"
"1"," 0.12582781"
"1","
186"
"1"," 1"
"1"," 6.086329e-04"
"1"," 0.000"
"1"," 0.07331378"
"1","    0"
"1"," 0.21193416"
"1"," 0.49664687"
"1"," 0.67868177"
"1"," 0.1955187371"
"1"," 0.08695652"
"1"," 0.011450382"
"1"," 0.55319149"
"1"," 0.975313934"
"1"," 0.31512141"
"1","
187"
"1"," 1"
"1"," 5.586160e-04"
"1"," 0.000"
"1"," 0.07331378"
"1","    0"
"1"," 0.21193416"
"1"," 0.81816440"
"1"," 0.52214212"
"1"," 0.1881984923"
"1"," 0.08695652"
"1"," 0.011450382"
"1"," 0.55319149"
"1"," 0.989232942"
"1"," 0.07505519"
"1","
188"
"1"," 1"
"1"," 8.140957e-04"
"1"," 0.450"
"1"," 0.10923754"
"1","    0"
"1"," 0.10699588"
"1"," 0.61716804"
"1"," 0.39340886"
"1"," 0.2417954151"
"1"," 0.17391304"
"1"," 0.402671756"
"1"," 0.27659574"
"1"," 0.992359675"
"1"," 0.13658940"
"1","
189"
"1"," 1"
"1"," 1.342814e-03"
"1"," 0.450"
"1"," 0.10923754"
"1","    0"
"1"," 0.10699588"
"1"," 0.57386473"
"1"," 0.26982492"
"1"," 0.3125517191"
"1"," 0.17391304"
"1"," 0.402671756"
"1"," 0.27659574"
"1"," 0.964546876"
"1"," 0.07809051"
"1","
190"
"1"," 1"
"1"," 8.697325e-04"
"1"," 0.450"
"1"," 0.10923754"
"1","    0"
"1"," 0.10699588"
"1"," 0.69438590"
"1"," 0.37075180"
"1"," 0.3125517191"
"1"," 0.17391304"
"1"," 0.402671756"
"1"," 0.27659574"
"1"," 1.000000000"
"1"," 0.10099338"
"1","
195"
"1"," 1"
"1"," 9.070485e-05"
"1"," 0.600"
"1"," 0.09054252"
"1","    0"
"1"," 0.03292181"
"1"," 0.58306189"
"1"," 0.16374871"
"1"," 0.4628577144"
"1"," 0.00000000"
"1"," 0.148854962"
"1"," 0.31914894"
"1"," 0.949064501"
"1"," 0.07312362"
"1","
196"
"1"," 1"
"1"," 8.418579e-05"
"1"," 0.800"
"1"," 0.00000000"
"1","    0"
"1"," 0.07613169"
"1"," 0.82659513"
"1"," 0.29969104"
"1"," 0.4109158035"
"1"," 0.13043478"
"1"," 0.129770992"
"1"," 0.19148936"
"1"," 0.993267437"
"1"," 0.03421634"
"1","
207"
"1"," 1"
"1"," 2.510625e-03"
"1"," 0.000"
"1"," 0.37133431"
"1","    0"
"1"," 0.21399177"
"1"," 0.52979498"
"1"," 0.51081359"
"1"," 0.2932917459"
"1"," 0.13043478"
"1"," 0.171755725"
"1"," 0.63829787"
"1"," 0.994881235"
"1"," 0.25496689"
"1","
213"
"1"," 1"
"1"," 2.370128e-03"
"1"," 0.000"
"1"," 0.37133431"
"1","    1"
"1"," 0.21399177"
"1"," 0.43035064"
"1"," 0.52420185"
"1"," 0.2294282934"
"1"," 0.13043478"
"1"," 0.171755725"
"1"," 0.63829787"
"1"," 0.984971506"
"1"," 0.39459161"
"1","
217"
"1"," 1"
"1"," 4.414977e-04"
"1"," 0.000"
"1"," 0.49230205"
"1","    1"
"1"," 0.33950617"
"1"," 0.44587086"
"1"," 0.54685891"
"1"," 0.1802780784"
"1"," 0.17391304"
"1"," 0.169847328"
"1"," 0.40425532"
"1"," 0.989661607"
"1"," 0.32505519"
"1","
218"
"1"," 1"
"1"," 7.172090e-04"
"1"," 0.000"
"1"," 0.49230205"
"1","    0"
"1"," 0.33950617"
"1"," 0.59034298"
"1"," 0.84654995"
"1"," 0.2083769062"
"1"," 0.17391304"
"1"," 0.169847328"
"1"," 0.40425532"
"1"," 0.989611176"
"1"," 0.21964680"
"1","
219"
"1"," 1"
"1"," 1.173094e-03"
"1"," 0.000"
"1"," 0.49230205"
"1","    1"
"1"," 0.33950617"
"1"," 0.45794213"
"1"," 0.93614830"
"1"," 0.1600178232"
"1"," 0.17391304"
"1"," 0.169847328"
"1"," 0.40425532"
"1"," 1.000000000"
"1"," 0.44674393"
"1","
222"
"1"," 1"
"1"," 4.511527e-03"
"1"," 0.000"
"1"," 0.21041056"
"1","    1"
"1"," 0.25102881"
"1"," 0.49875455"
"1"," 0.91040165"
"1"," 0.1744491629"
"1"," 0.30434783"
"1"," 0.229007634"
"1"," 0.51063830"
"1"," 0.995814212"
"1"," 0.54442605"
"1","
223"
"1"," 1"
"1"," 6.937629e-03"
"1"," 0.000"
"1"," 0.21041056"
"1","    1"
"1"," 0.25102881"
"1"," 0.63575398"
"1"," 0.77033986"
"1"," 0.1948276332"
"1"," 0.30434783"
"1"," 0.229007634"
"1"," 0.51063830"
"1"," 0.983584649"
"1"," 0.22626932"
"1","
235"
"1"," 1"
"1"," 4.963365e-03"
"1"," 0.000"
"1"," 0.21041056"
"1","    1"
"1"," 0.25102881"
"1"," 0.60643801"
"1"," 0.65499485"
"1"," 0.2293646391"
"1"," 0.30434783"
"1"," 0.229007634"
"1"," 0.51063830"
"1"," 0.907458773"
"1"," 0.17439294"
"1","
236"
"1"," 1"
"1"," 3.643143e-03"
"1"," 0.000"
"1"," 0.21041056"
"1","    0"
"1"," 0.25102881"
"1"," 0.48380916"
"1"," 0.60350154"
"1"," 0.2293646391"
"1"," 0.30434783"
"1"," 0.229007634"
"1"," 0.51063830"
"1"," 0.949190579"
"1"," 0.25248344"
"1","
238"
"1"," 1"
"1"," 5.681811e-03"
"1"," 0.000"
"1"," 0.21041056"
"1","    0"
"1"," 0.25102881"
"1"," 0.72753401"
"1"," 0.70751802"
"1"," 0.2744773527"
"1"," 0.30434783"
"1"," 0.229007634"
"1"," 0.51063830"
"1"," 0.982777750"
"1"," 0.08278146"
"1","
239"
"1"," 1"
"1"," 8.555704e-04"
"1"," 0.300"
"1"," 0.16385630"
"1","    0"
"1"," 0.08847737"
"1"," 0.55949416"
"1"," 0.16065911"
"1"," 0.4601569533"
"1"," 0.21739130"
"1"," 0.215648855"
"1"," 0.42553191"
"1"," 0.955897927"
"1"," 0.12775938"
"1","
241"
"1"," 1"
"1"," 1.202317e-03"
"1"," 0.300"
"1"," 0.16385630"
"1","    0"
"1"," 0.08847737"
"1"," 0.63920291"
"1"," 0.52935118"
"1"," 0.4734516091"
"1"," 0.21739130"
"1"," 0.215648855"
"1"," 0.42553191"
"1"," 0.985753190"
"1"," 0.26628035"
"1","
246"
"1"," 1"
"1"," 2.079468e-03"
"1"," 0.220"
"1"," 0.19794721"
"1","    0"
"1"," 0.09465021"
"1"," 0.39164591"
"1"," 0.69309990"
"1"," 0.6206567305"
"1"," 0.26086957"
"1"," 0.272900763"
"1"," 0.69148936"
"1"," 0.980407484"
"1"," 0.46164459"
"1","
249"
"1"," 1"
"1"," 1.776669e-03"
"1"," 0.220"
"1"," 0.19794721"
"1","    0"
"1"," 0.09465021"
"1"," 0.55029699"
"1"," 0.47579815"
"1"," 0.6089807127"
"1"," 0.26086957"
"1"," 0.272900763"
"1"," 0.69148936"
"1"," 0.944046598"
"1"," 0.21495585"
"1","
260"
"1"," 1"
"1"," 7.309552e-03"
"1"," 0.200"
"1"," 0.12866569"
"1","    0"
"1"," 0.53909465"
"1"," 0.62866450"
"1"," 1.00000000"
"1"," 0.0801225800"
"1"," 0.17391304"
"1"," 0.146946565"
"1"," 0.04255319"
"1"," 0.987467850"
"1"," 0.14266004"
"1","
266"
"1"," 1"
"1"," 8.489390e-03"
"1"," 0.200"
"1"," 0.12866569"
"1","    0"
"1"," 0.53909465"
"1"," 0.38302357"
"1"," 0.61688980"
"1"," 0.0779219598"
"1"," 0.17391304"
"1"," 0.146946565"
"1"," 0.04255319"
"1"," 0.988652983"
"1"," 0.24061810"
"1","
271"
"1"," 1"
"1"," 3.291451e-03"
"1"," 0.200"
"1"," 0.23826979"
"1","    0"
"1"," 0.16255144"
"1"," 0.43973941"
"1"," 0.40370752"
"1"," 0.3000300085"
"1"," 0.08695652"
"1"," 0.068702290"
"1"," 0.63829787"
"1"," 0.979197136"
"1"," 0.31098234"
"1","
278"
"1"," 1"
"1"," 6.176248e-04"
"1"," 0.400"
"1"," 0.21810850"
"1","    1"
"1"," 0.12757202"
"1"," 0.62559877"
"1"," 0.25437693"
"1"," 0.3394774891"
"1"," 0.13043478"
"1"," 0.127862595"
"1"," 0.53191489"
"1"," 0.991300620"
"1"," 0.06705298"
"1","
"
"1"," [ reached getOption(""max.print"") -- omitted 68 rows ]
"
"1","
"
"1","$neurons[[2]]
"
"1","   "
"1"," [,1]"
"1","         [,2]"
"1","         [,3]"
"1","         [,4]"
"1","       [,5]"
"1","         [,6]"
"1","
2  "
"1","    1"
"1"," 6.881746e-01"
"1"," 9.030730e-02"
"1"," 2.664070e-06"
"1"," 0.51126788"
"1"," 2.339670e-01"
"1","
5  "
"1","    1"
"1"," 9.801254e-01"
"1"," 7.870788e-01"
"1"," 2.711374e-08"
"1"," 0.75204423"
"1"," 3.872078e-01"
"1","
9  "
"1","    1"
"1"," 1.430751e-02"
"1"," 9.537325e-04"
"1"," 1.273820e-12"
"1"," 0.49217595"
"1"," 3.408305e-02"
"1","
12 "
"1","    1"
"1"," 6.601499e-01"
"1"," 1.530127e-02"
"1"," 1.472803e-12"
"1"," 0.70395751"
"1"," 1.310990e-01"
"1","
19 "
"1","    1"
"1"," 1.690677e-01"
"1"," 2.683419e-01"
"1"," 1.340822e-06"
"1"," 0.49003213"
"1"," 5.509021e-02"
"1","
23 "
"1","    1"
"1"," 1.905479e-02"
"1"," 1.149564e-01"
"1"," 7.032757e-06"
"1"," 0.20278208"
"1"," 4.543420e-02"
"1","
26 "
"1","    1"
"1"," 6.739555e-02"
"1"," 1.195247e-01"
"1"," 1.211269e-06"
"1"," 0.23886140"
"1"," 3.298537e-02"
"1","
27 "
"1","    1"
"1"," 1.423598e-01"
"1"," 1.904169e-01"
"1"," 7.459132e-07"
"1"," 0.26447599"
"1"," 4.382008e-02"
"1","
34 "
"1","    1"
"1"," 1.732250e-02"
"1"," 1.139142e-01"
"1"," 1.588440e-05"
"1"," 0.16459255"
"1"," 3.082806e-02"
"1","
35 "
"1","    1"
"1"," 6.698522e-03"
"1"," 4.786463e-02"
"1"," 2.275103e-05"
"1"," 0.13444687"
"1"," 3.596667e-02"
"1","
37 "
"1","    1"
"1"," 2.659430e-01"
"1"," 4.425968e-01"
"1"," 8.303451e-05"
"1"," 0.49509006"
"1"," 1.007341e-01"
"1","
38 "
"1","    1"
"1"," 6.002841e-01"
"1"," 5.670801e-01"
"1"," 5.114292e-06"
"1"," 0.69182154"
"1"," 1.266434e-01"
"1","
45 "
"1","    1"
"1"," 8.649257e-01"
"1"," 1.321842e-01"
"1"," 3.999499e-08"
"1"," 0.85211789"
"1"," 1.908888e-01"
"1","
50 "
"1","    1"
"1"," 5.357490e-01"
"1"," 4.704138e-02"
"1"," 1.725181e-08"
"1"," 0.75557039"
"1"," 7.726322e-02"
"1","
51 "
"1","    1"
"1"," 9.306196e-01"
"1"," 1.143927e-01"
"1"," 2.210828e-16"
"1"," 0.90969205"
"1"," 1.281093e-01"
"1","
52 "
"1","    1"
"1"," 9.736784e-01"
"1"," 1.895961e-01"
"1"," 8.222139e-16"
"1"," 0.87449094"
"1"," 1.612637e-01"
"1","
53 "
"1","    1"
"1"," 9.936955e-01"
"1"," 3.329614e-01"
"1"," 1.438407e-16"
"1"," 0.96053172"
"1"," 3.234064e-01"
"1","
54 "
"1","    1"
"1"," 9.847452e-01"
"1"," 2.422882e-01"
"1"," 9.581470e-17"
"1"," 0.95544189"
"1"," 1.947415e-01"
"1","
56 "
"1","    1"
"1"," 9.999394e-01"
"1"," 9.693382e-01"
"1"," 2.206174e-41"
"1"," 0.98368383"
"1"," 3.095954e-01"
"1","
57 "
"1","    1"
"1"," 9.999445e-01"
"1"," 8.693345e-01"
"1"," 1.761005e-40"
"1"," 0.96105192"
"1"," 1.554504e-01"
"1","
58 "
"1","    1"
"1"," 9.999214e-01"
"1"," 8.781820e-01"
"1"," 1.884544e-43"
"1"," 0.97561402"
"1"," 2.924478e-01"
"1","
70 "
"1","    1"
"1"," 9.871097e-01"
"1"," 3.766735e-01"
"1"," 3.706105e-13"
"1"," 0.95160181"
"1"," 1.011134e-01"
"1","
75 "
"1","    1"
"1"," 8.567380e-01"
"1"," 4.009288e-02"
"1"," 2.393569e-06"
"1"," 0.97160343"
"1"," 2.175784e-01"
"1","
80 "
"1","    1"
"1"," 7.596227e-01"
"1"," 2.614059e-02"
"1"," 3.666853e-06"
"1"," 0.93828628"
"1"," 1.157902e-01"
"1","
82 "
"1","    1"
"1"," 9.714976e-01"
"1"," 6.745745e-01"
"1"," 9.321838e-15"
"1"," 0.77380226"
"1"," 1.850234e-01"
"1","
100"
"1","    1"
"1"," 7.878931e-01"
"1"," 5.631117e-01"
"1"," 4.748204e-04"
"1"," 0.51521349"
"1"," 4.957595e-01"
"1","
108"
"1","    1"
"1"," 4.524842e-02"
"1"," 2.656394e-01"
"1"," 8.282343e-03"
"1"," 0.24360509"
"1"," 6.816417e-02"
"1","
113"
"1","    1"
"1"," 1.957530e-02"
"1"," 2.220684e-02"
"1"," 5.288556e-03"
"1"," 0.30412994"
"1"," 6.898809e-02"
"1","
118"
"1","    1"
"1"," 1.340920e-01"
"1"," 5.445575e-02"
"1"," 1.362108e-03"
"1"," 0.43152580"
"1"," 1.068975e-01"
"1","
120"
"1","    1"
"1"," 6.612856e-02"
"1"," 3.475027e-02"
"1"," 3.612611e-04"
"1"," 0.52353273"
"1"," 7.756922e-02"
"1","
121"
"1","    1"
"1"," 8.698726e-04"
"1"," 2.980673e-05"
"1"," 9.751917e-04"
"1"," 0.28579076"
"1"," 1.827781e-01"
"1","
130"
"1","    1"
"1"," 4.724069e-04"
"1"," 2.709884e-04"
"1"," 1.384577e-03"
"1"," 0.13617087"
"1"," 3.354987e-02"
"1","
134"
"1","    1"
"1"," 2.837675e-03"
"1"," 4.432165e-04"
"1"," 3.714963e-04"
"1"," 0.17117023"
"1"," 5.062513e-02"
"1","
135"
"1","    1"
"1"," 7.579686e-04"
"1"," 1.628403e-04"
"1"," 6.984616e-04"
"1"," 0.12230236"
"1"," 3.655616e-02"
"1","
142"
"1","    1"
"1"," 1.853835e-06"
"1"," 1.983163e-05"
"1"," 2.479906e-03"
"1"," 0.06821298"
"1"," 6.550962e-03"
"1","
150"
"1","    1"
"1"," 1.676862e-06"
"1"," 7.127171e-06"
"1"," 5.624798e-05"
"1"," 0.01221678"
"1"," 6.595219e-02"
"1","
152"
"1","    1"
"1"," 3.979079e-05"
"1"," 3.163703e-05"
"1"," 1.131900e-04"
"1"," 0.01309758"
"1"," 1.020427e-01"
"1","
159"
"1","    1"
"1"," 5.679533e-03"
"1"," 1.136837e-04"
"1"," 9.595522e-02"
"1"," 0.26766487"
"1"," 2.222617e-01"
"1","
162"
"1","    1"
"1"," 2.677111e-02"
"1"," 2.142625e-04"
"1"," 6.334560e-02"
"1"," 0.40072727"
"1"," 6.049349e-01"
"1","
164"
"1","    1"
"1"," 9.897750e-01"
"1"," 5.422360e-01"
"1"," 7.282208e-02"
"1"," 0.78696936"
"1"," 6.328567e-01"
"1","
166"
"1","    1"
"1"," 1.134650e-03"
"1"," 2.970009e-05"
"1"," 1.131879e-02"
"1"," 0.28505123"
"1"," 1.521079e-01"
"1","
170"
"1","    1"
"1"," 1.114222e-03"
"1"," 3.492185e-05"
"1"," 1.081161e-02"
"1"," 0.30400226"
"1"," 1.934857e-01"
"1","
171"
"1","    1"
"1"," 1.358486e-03"
"1"," 2.236220e-05"
"1"," 4.110529e-03"
"1"," 0.29678586"
"1"," 1.303850e-01"
"1","
174"
"1","    1"
"1"," 2.332085e-01"
"1"," 3.569486e-01"
"1"," 6.344890e-03"
"1"," 0.32117055"
"1"," 2.333961e-01"
"1","
177"
"1","    1"
"1"," 4.127139e-01"
"1"," 3.234914e-01"
"1"," 3.162523e-05"
"1"," 0.62774800"
"1"," 1.897603e-01"
"1","
178"
"1","    1"
"1"," 5.755040e-01"
"1"," 4.559236e-01"
"1"," 4.359198e-04"
"1"," 0.46024476"
"1"," 2.492897e-01"
"1","
186"
"1","    1"
"1"," 1.599211e-01"
"1"," 4.607798e-01"
"1"," 2.104992e-04"
"1"," 0.28607825"
"1"," 1.815650e-01"
"1","
187"
"1","    1"
"1"," 7.035213e-01"
"1"," 7.524769e-01"
"1"," 4.257110e-04"
"1"," 0.45691726"
"1"," 6.766483e-01"
"1","
188"
"1","    1"
"1"," 9.582076e-01"
"1"," 4.420926e-01"
"1"," 3.793947e-19"
"1"," 0.88565620"
"1"," 3.236089e-01"
"1","
189"
"1","    1"
"1"," 9.888976e-01"
"1"," 5.053483e-01"
"1"," 1.560744e-20"
"1"," 0.93496956"
"1"," 3.047038e-01"
"1","
190"
"1","    1"
"1"," 9.863206e-01"
"1"," 4.574622e-01"
"1"," 2.826319e-20"
"1"," 0.92277384"
"1"," 4.206753e-01"
"1","
195"
"1","    1"
"1"," 9.980263e-01"
"1"," 4.376239e-01"
"1"," 6.249747e-28"
"1"," 0.93503104"
"1"," 3.991986e-01"
"1","
196"
"1","    1"
"1"," 9.987417e-01"
"1"," 8.381162e-01"
"1"," 4.548021e-33"
"1"," 0.93504825"
"1"," 6.820248e-01"
"1","
207"
"1","    1"
"1"," 3.582731e-01"
"1"," 4.345823e-02"
"1"," 3.209594e-06"
"1"," 0.72917196"
"1"," 1.851414e-01"
"1","
213"
"1","    1"
"1"," 9.967624e-01"
"1"," 9.946437e-01"
"1"," 3.867111e-05"
"1"," 0.89613276"
"1"," 5.559754e-02"
"1","
217"
"1","    1"
"1"," 9.918999e-01"
"1"," 9.576558e-01"
"1"," 1.636330e-04"
"1"," 0.88130798"
"1"," 1.054273e-01"
"1","
218"
"1","    1"
"1"," 8.065024e-02"
"1"," 4.124012e-03"
"1"," 2.563361e-04"
"1"," 0.46774903"
"1"," 3.076682e-01"
"1","
219"
"1","    1"
"1"," 9.560949e-01"
"1"," 9.098694e-01"
"1"," 1.791221e-03"
"1"," 0.69664220"
"1"," 7.008278e-02"
"1","
222"
"1","    1"
"1"," 9.816764e-01"
"1"," 9.987373e-01"
"1"," 1.656539e-03"
"1"," 0.80751228"
"1"," 3.776278e-02"
"1","
223"
"1","    1"
"1"," 9.993356e-01"
"1"," 9.997821e-01"
"1"," 1.269987e-03"
"1"," 0.89755402"
"1"," 1.365656e-01"
"1","
235"
"1","    1"
"1"," 9.997707e-01"
"1"," 9.998225e-01"
"1"," 2.247323e-04"
"1"," 0.93090283"
"1"," 1.408787e-01"
"1","
236"
"1","    1"
"1"," 3.298592e-01"
"1"," 3.476768e-01"
"1"," 6.156678e-05"
"1"," 0.73219067"
"1"," 1.267387e-01"
"1","
238"
"1","    1"
"1"," 7.912469e-01"
"1"," 5.331708e-01"
"1"," 4.511291e-05"
"1"," 0.76841657"
"1"," 3.816775e-01"
"1","
239"
"1","    1"
"1"," 9.929375e-01"
"1"," 4.997460e-01"
"1"," 2.031129e-18"
"1"," 0.97473141"
"1"," 2.573743e-01"
"1","
241"
"1","    1"
"1"," 9.700963e-01"
"1"," 2.750005e-01"
"1"," 5.731589e-18"
"1"," 0.93795913"
"1"," 2.300532e-01"
"1","
246"
"1","    1"
"1"," 9.497429e-01"
"1"," 2.585816e-01"
"1"," 4.125030e-18"
"1"," 0.93771019"
"1"," 2.529702e-02"
"1","
249"
"1","    1"
"1"," 9.958008e-01"
"1"," 5.798849e-01"
"1"," 6.026479e-18"
"1"," 0.96993250"
"1"," 1.022647e-01"
"1","
260"
"1","    1"
"1"," 4.078203e-02"
"1"," 1.032518e-01"
"1"," 4.684907e-09"
"1"," 0.06777607"
"1"," 4.658503e-01"
"1","
266"
"1","    1"
"1"," 1.708263e-02"
"1"," 7.854796e-02"
"1"," 3.638784e-10"
"1"," 0.13561005"
"1"," 2.061007e-01"
"1","
271"
"1","    1"
"1"," 4.509102e-01"
"1"," 1.889042e-01"
"1"," 5.236912e-13"
"1"," 0.69381761"
"1"," 1.207986e-01"
"1","
278"
"1","    1"
"1"," 9.999951e-01"
"1"," 9.998944e-01"
"1"," 1.859051e-19"
"1"," 0.97923458"
"1"," 2.490630e-01"
"1","
290"
"1","    1"
"1"," 9.971284e-01"
"1"," 3.915551e-01"
"1"," 3.731219e-27"
"1"," 0.98492563"
"1"," 2.018243e-01"
"1","
295"
"1","    1"
"1"," 6.846334e-01"
"1"," 2.038154e-03"
"1"," 2.545708e-07"
"1"," 0.94546463"
"1"," 2.163351e-01"
"1","
297"
"1","    1"
"1"," 8.841471e-01"
"1"," 2.790387e-03"
"1"," 1.258041e-07"
"1"," 0.94838504"
"1"," 3.360156e-01"
"1","
299"
"1","    1"
"1"," 9.997994e-01"
"1"," 6.043489e-01"
"1"," 2.311967e-33"
"1"," 0.98769872"
"1"," 2.231673e-01"
"1","
303"
"1","    1"
"1"," 9.754628e-01"
"1"," 3.082534e-01"
"1"," 1.071591e-18"
"1"," 0.97677011"
"1"," 2.374876e-01"
"1","
306"
"1","    1"
"1"," 7.510508e-01"
"1"," 9.447272e-01"
"1"," 5.501586e-15"
"1"," 0.65851281"
"1"," 2.028930e-01"
"1","
307"
"1","    1"
"1"," 8.110824e-01"
"1"," 9.584203e-01"
"1"," 4.523165e-14"
"1"," 0.58057079"
"1"," 3.723985e-01"
"1","
311"
"1","    1"
"1"," 6.565860e-03"
"1"," 3.487053e-02"
"1"," 1.510849e-04"
"1"," 0.42664362"
"1"," 4.273665e-02"
"1","
313"
"1","    1"
"1"," 5.001332e-02"
"1"," 4.835176e-02"
"1"," 1.033887e-03"
"1"," 0.22029039"
"1"," 1.222777e-01"
"1","
316"
"1","    1"
"1"," 1.498480e-01"
"1"," 4.674719e-02"
"1"," 1.040012e-05"
"1"," 0.37132169"
"1"," 9.377499e-02"
"1","
318"
"1","    1"
"1"," 5.706741e-02"
"1"," 2.287968e-02"
"1"," 3.870035e-06"
"1"," 0.39930787"
"1"," 8.211893e-02"
"1","
321"
"1","    1"
"1"," 7.796867e-01"
"1"," 4.726163e-01"
"1"," 1.662989e-06"
"1"," 0.73187060"
"1"," 1.840102e-01"
"1","
332"
"1","    1"
"1"," 9.614249e-01"
"1"," 6.149460e-02"
"1"," 3.661208e-21"
"1"," 0.89389990"
"1"," 1.217996e-01"
"1","
334"
"1","    1"
"1"," 9.714348e-01"
"1"," 8.101194e-01"
"1"," 5.210427e-10"
"1"," 0.81958088"
"1"," 1.769611e-01"
"1","
335"
"1","    1"
"1"," 9.623949e-01"
"1"," 7.813981e-01"
"1"," 4.836687e-10"
"1"," 0.81482506"
"1"," 1.673004e-01"
"1","
337"
"1","    1"
"1"," 7.585947e-01"
"1"," 7.348310e-01"
"1"," 3.447546e-08"
"1"," 0.66859624"
"1"," 1.032239e-01"
"1","
341"
"1","    1"
"1"," 6.852658e-01"
"1"," 7.521021e-01"
"1"," 3.028641e-07"
"1"," 0.55805660"
"1"," 1.099329e-01"
"1","
348"
"1","    1"
"1"," 9.998467e-01"
"1"," 7.642938e-01"
"1"," 8.215459e-40"
"1"," 0.97653325"
"1"," 1.475648e-01"
"1","
350"
"1","    1"
"1"," 9.997686e-01"
"1"," 8.590442e-01"
"1"," 9.461170e-26"
"1"," 0.92633775"
"1"," 2.160999e-01"
"1","
351"
"1","    1"
"1"," 9.997316e-01"
"1"," 8.650534e-01"
"1"," 1.377332e-25"
"1"," 0.90227349"
"1"," 1.414328e-01"
"1","
353"
"1","    1"
"1"," 9.999783e-01"
"1"," 8.157619e-01"
"1"," 3.198601e-35"
"1"," 0.99186975"
"1"," 6.270900e-02"
"1","
355"
"1","    1"
"1"," 9.999813e-01"
"1"," 9.857504e-01"
"1"," 7.353427e-42"
"1"," 0.98313576"
"1"," 2.865345e-02"
"1","
356"
"1","    1"
"1"," 9.999903e-01"
"1"," 9.897971e-01"
"1"," 8.831683e-42"
"1"," 0.98516242"
"1"," 4.264088e-02"
"1","
357"
"1","    1"
"1"," 2.314699e-02"
"1"," 9.979183e-01"
"1"," 5.294623e-04"
"1"," 0.94498158"
"1"," 1.313184e-03"
"1","
359"
"1","    1"
"1"," 8.125959e-01"
"1"," 9.995780e-01"
"1"," 4.681153e-05"
"1"," 0.97745161"
"1"," 3.681404e-03"
"1","
360"
"1","    1"
"1"," 1.172597e-03"
"1"," 2.190293e-01"
"1"," 4.431104e-05"
"1"," 0.89342179"
"1"," 7.608626e-03"
"1","
362"
"1","    1"
"1"," 8.020781e-04"
"1"," 1.602697e-01"
"1"," 1.523579e-04"
"1"," 0.84947026"
"1"," 8.180857e-03"
"1","
364"
"1","    1"
"1"," 6.157880e-01"
"1"," 9.993572e-01"
"1"," 7.923939e-04"
"1"," 0.96056457"
"1"," 2.760363e-03"
"1","
367"
"1","    1"
"1"," 8.531108e-04"
"1"," 1.900280e-01"
"1"," 2.823180e-03"
"1"," 0.87192911"
"1"," 2.475332e-03"
"1","
368"
"1","    1"
"1"," 9.351964e-07"
"1"," 3.527774e-02"
"1"," 1.116703e-01"
"1"," 0.84845503"
"1"," 1.253728e-04"
"1","
372"
"1","    1"
"1"," 6.505542e-05"
"1"," 2.065423e-01"
"1"," 3.909036e-01"
"1"," 0.92271904"
"1"," 3.618010e-03"
"1","
375"
"1","    1"
"1"," 1.481715e-11"
"1"," 9.532617e-04"
"1"," 1.461784e-02"
"1"," 0.70153129"
"1"," 1.668892e-05"
"1","
382"
"1","    1"
"1"," 1.788332e-08"
"1"," 1.482307e-02"
"1"," 2.790547e-02"
"1"," 0.84792904"
"1"," 7.335088e-04"
"1","
387"
"1","    1"
"1"," 2.442653e-12"
"1"," 1.768341e-03"
"1"," 6.469558e-03"
"1"," 0.63995976"
"1"," 1.564520e-05"
"1","
395"
"1","    1"
"1"," 4.380155e-07"
"1"," 4.758034e-02"
"1"," 6.245473e-03"
"1"," 0.86152764"
"1"," 8.336433e-04"
"1","
399"
"1","    1"
"1"," 3.929991e-17"
"1"," 1.468754e-04"
"1"," 9.795294e-03"
"1"," 0.50645378"
"1"," 2.131340e-06"
"1","
402"
"1","    1"
"1"," 6.236268e-08"
"1"," 2.118340e-02"
"1"," 1.379839e-02"
"1"," 0.82315163"
"1"," 8.580919e-04"
"1","
405"
"1","    1"
"1"," 1.025557e-17"
"1"," 1.199106e-04"
"1"," 5.009002e-03"
"1"," 0.56950439"
"1"," 1.652422e-06"
"1","
408"
"1","    1"
"1"," 3.221360e-06"
"1"," 9.462524e-02"
"1"," 1.391174e-01"
"1"," 0.87051493"
"1"," 1.036838e-03"
"1","
411"
"1","    1"
"1"," 1.359677e-18"
"1"," 1.305670e-04"
"1"," 7.293011e-01"
"1"," 0.57907177"
"1"," 7.706216e-07"
"1","
412"
"1","    1"
"1"," 1.232025e-07"
"1"," 4.033621e-03"
"1"," 2.715188e-01"
"1"," 0.89214756"
"1"," 1.054361e-03"
"1","
418"
"1","    1"
"1"," 1.720569e-12"
"1"," 5.309935e-04"
"1"," 8.013514e-03"
"1"," 0.69303278"
"1"," 2.473065e-05"
"1","
419"
"1","    1"
"1"," 2.156308e-27"
"1"," 8.655003e-07"
"1"," 5.564038e-02"
"1"," 0.15207314"
"1"," 7.545932e-09"
"1","
420"
"1","    1"
"1"," 1.957393e-07"
"1"," 4.207165e-03"
"1"," 1.755120e-03"
"1"," 0.83061642"
"1"," 2.117919e-03"
"1","
423"
"1","    1"
"1"," 5.716815e-06"
"1"," 5.685663e-02"
"1"," 2.308793e-02"
"1"," 0.94825310"
"1"," 9.490856e-04"
"1","
425"
"1","    1"
"1"," 4.285427e-05"
"1"," 1.722270e-02"
"1"," 1.665598e-02"
"1"," 0.96836982"
"1"," 1.443582e-03"
"1","
426"
"1","    1"
"1"," 7.853079e-09"
"1"," 1.662548e-03"
"1"," 6.625332e-03"
"1"," 0.76444773"
"1"," 3.100802e-04"
"1","
427"
"1","    1"
"1"," 4.894202e-06"
"1"," 1.474760e-02"
"1"," 1.496571e-02"
"1"," 0.97361866"
"1"," 1.158610e-03"
"1","
431"
"1","    1"
"1"," 4.614460e-05"
"1"," 2.000383e-02"
"1"," 3.892838e-02"
"1"," 0.96126966"
"1"," 2.879468e-03"
"1","
446"
"1","    1"
"1"," 2.707632e-07"
"1"," 3.783158e-03"
"1"," 1.084117e-03"
"1"," 0.71255212"
"1"," 1.505183e-03"
"1","
451"
"1","    1"
"1"," 5.936894e-05"
"1"," 1.509034e-02"
"1"," 1.140678e-03"
"1"," 0.84466813"
"1"," 5.925490e-03"
"1","
455"
"1","    1"
"1"," 5.935708e-06"
"1"," 8.285018e-03"
"1"," 6.324410e-04"
"1"," 0.82709263"
"1"," 3.118627e-03"
"1","
456"
"1","    1"
"1"," 2.561841e-04"
"1"," 2.282827e-02"
"1"," 4.294001e-04"
"1"," 0.88399987"
"1"," 6.888008e-03"
"1","
467"
"1","    1"
"1"," 1.868582e-03"
"1"," 2.901931e-02"
"1"," 3.529552e-04"
"1"," 0.94612135"
"1"," 4.765405e-03"
"1","
469"
"1","    1"
"1"," 5.699898e-07"
"1"," 2.303769e-02"
"1"," 5.817152e-04"
"1"," 0.98202302"
"1"," 5.209716e-04"
"1","
470"
"1","    1"
"1"," 9.643379e-06"
"1"," 6.752783e-02"
"1"," 4.165917e-04"
"1"," 0.98959521"
"1"," 9.184798e-04"
"1","
476"
"1","    1"
"1"," 4.625885e-05"
"1"," 2.343399e-02"
"1"," 1.420998e-02"
"1"," 0.96240908"
"1"," 2.301199e-03"
"1","
477"
"1","    1"
"1"," 5.681869e-04"
"1"," 9.282511e-02"
"1"," 5.571542e-03"
"1"," 0.96748540"
"1"," 5.959773e-03"
"1","
479"
"1","    1"
"1"," 9.781486e-06"
"1"," 4.959594e-02"
"1"," 1.174429e-02"
"1"," 0.95028194"
"1"," 1.670311e-03"
"1","
480"
"1","    1"
"1"," 1.449185e-06"
"1"," 6.553747e-02"
"1"," 2.647215e-02"
"1"," 0.95272123"
"1"," 1.155643e-03"
"1","
481"
"1","    1"
"1"," 1.969479e-02"
"1"," 2.538466e-01"
"1"," 3.720740e-04"
"1"," 0.99635066"
"1"," 6.652122e-03"
"1","
488"
"1","    1"
"1"," 1.639492e-02"
"1"," 2.673236e-01"
"1"," 1.237001e-04"
"1"," 0.99461011"
"1"," 6.291379e-03"
"1","
490"
"1","    1"
"1"," 2.316811e-04"
"1"," 1.608145e-06"
"1"," 5.291708e-03"
"1"," 0.29422969"
"1"," 1.620182e-02"
"1","
492"
"1","    1"
"1"," 1.448467e-03"
"1"," 4.770463e-06"
"1"," 6.602598e-03"
"1"," 0.35521447"
"1"," 3.892541e-02"
"1","
494"
"1","    1"
"1"," 5.000243e-02"
"1"," 1.356504e-01"
"1"," 2.306753e-04"
"1"," 0.40004957"
"1"," 7.957121e-02"
"1","
498"
"1","    1"
"1"," 3.906589e-02"
"1"," 8.755776e-02"
"1"," 8.036985e-05"
"1"," 0.33448683"
"1"," 6.550586e-02"
"1","
500"
"1","    1"
"1"," 1.945340e-02"
"1"," 8.268914e-02"
"1"," 4.457245e-04"
"1"," 0.26941836"
"1"," 5.229693e-02"
"1","
506"
"1","    1"
"1"," 6.435455e-02"
"1"," 8.063628e-02"
"1"," 5.758800e-04"
"1"," 0.09388207"
"1"," 1.484789e-01"
"1","
"
"1","
"
"1","$neurons[[3]]
"
"1","   "
"1"," [,1]"
"1","       [,2]"
"1","        [,3]"
"1","      [,4]"
"1","
2  "
"1","    1"
"1"," 0.16070451"
"1"," 0.999999986"
"1"," 0.2837794"
"1","
5  "
"1","    1"
"1"," 0.28657725"
"1"," 1.000000000"
"1"," 0.4255168"
"1","
9  "
"1","    1"
"1"," 0.39858558"
"1"," 0.947499224"
"1"," 0.2101184"
"1","
12 "
"1","    1"
"1"," 0.13797251"
"1"," 0.999934007"
"1"," 0.2652622"
"1","
19 "
"1","    1"
"1"," 0.41336517"
"1"," 0.995801575"
"1"," 0.2264924"
"1","
23 "
"1","    1"
"1"," 0.41964217"
"1"," 0.987641499"
"1"," 0.1865972"
"1","
26 "
"1","    1"
"1"," 0.38781075"
"1"," 0.965812024"
"1"," 0.1862248"
"1","
27 "
"1","    1"
"1"," 0.37513152"
"1"," 0.987648992"
"1"," 0.1942288"
"1","
34 "
"1","    1"
"1"," 0.40991699"
"1"," 0.962518837"
"1"," 0.1782615"
"1","
35 "
"1","    1"
"1"," 0.39089124"
"1"," 0.967614003"
"1"," 0.1745642"
"1","
37 "
"1","    1"
"1"," 0.44178173"
"1"," 0.999936407"
"1"," 0.2505381"
"1","
38 "
"1","    1"
"1"," 0.31072018"
"1"," 0.999991673"
"1"," 0.2891531"
"1","
45 "
"1","    1"
"1"," 0.11771287"
"1"," 0.999999489"
"1"," 0.3142131"
"1","
50 "
"1","    1"
"1"," 0.17676229"
"1"," 0.996571885"
"1"," 0.2540171"
"1","
51 "
"1","    1"
"1"," 0.08944897"
"1"," 0.999913938"
"1"," 0.2938501"
"1","
52 "
"1","    1"
"1"," 0.09442945"
"1"," 0.999995180"
"1"," 0.3061529"
"1","
53 "
"1","    1"
"1"," 0.15059317"
"1"," 1.000000000"
"1"," 0.4020395"
"1","
54 "
"1","    1"
"1"," 0.10822407"
"1"," 0.999999709"
"1"," 0.3356426"
"1","
56 "
"1","    1"
"1"," 0.32321889"
"1"," 1.000000000"
"1"," 0.4362933"
"1","
57 "
"1","    1"
"1"," 0.22903101"
"1"," 0.999999539"
"1"," 0.3523940"
"1","
58 "
"1","    1"
"1"," 0.28436722"
"1"," 1.000000000"
"1"," 0.4210428"
"1","
70 "
"1","    1"
"1"," 0.11053247"
"1"," 0.999739681"
"1"," 0.3008774"
"1","
75 "
"1","    1"
"1"," 0.11463887"
"1"," 0.999999904"
"1"," 0.3393614"
"1","
80 "
"1","    1"
"1"," 0.11683650"
"1"," 0.999735358"
"1"," 0.2905297"
"1","
82 "
"1","    1"
"1"," 0.18803466"
"1"," 0.999999909"
"1"," 0.3269532"
"1","
100"
"1","    1"
"1"," 0.34627361"
"1"," 1.000000000"
"1"," 0.4300248"
"1","
108"
"1","    1"
"1"," 0.47726576"
"1"," 0.998761797"
"1"," 0.2109141"
"1","
113"
"1","    1"
"1"," 0.40337356"
"1"," 0.996857228"
"1"," 0.2059878"
"1","
118"
"1","    1"
"1"," 0.37256330"
"1"," 0.999833424"
"1"," 0.2305303"
"1","
120"
"1","    1"
"1"," 0.40208916"
"1"," 0.998292325"
"1"," 0.2301178"
"1","
121"
"1","    1"
"1"," 0.46035817"
"1"," 0.999999579"
"1"," 0.2390007"
"1","
130"
"1","    1"
"1"," 0.37566327"
"1"," 0.952718642"
"1"," 0.1734797"
"1","
134"
"1","    1"
"1"," 0.38526352"
"1"," 0.987091861"
"1"," 0.1812289"
"1","
135"
"1","    1"
"1"," 0.37564772"
"1"," 0.962659687"
"1"," 0.1724635"
"1","
142"
"1","    1"
"1"," 0.35762850"
"1"," 0.710749839"
"1"," 0.1602057"
"1","
150"
"1","    1"
"1"," 0.38021223"
"1"," 0.996360475"
"1"," 0.1697394"
"1","
152"
"1","    1"
"1"," 0.39724848"
"1"," 0.999786197"
"1"," 0.1804432"
"1","
159"
"1","    1"
"1"," 0.47418492"
"1"," 0.999999962"
"1"," 0.3578438"
"1","
162"
"1","    1"
"1"," 0.65667520"
"1"," 1.000000000"
"1"," 0.5269133"
"1","
164"
"1","    1"
"1"," 0.30239108"
"1"," 1.000000000"
"1"," 0.6342549"
"1","
166"
"1","    1"
"1"," 0.44498618"
"1"," 0.999994926"
"1"," 0.2376146"
"1","
170"
"1","    1"
"1"," 0.46705329"
"1"," 0.999999803"
"1"," 0.2551041"
"1","
171"
"1","    1"
"1"," 0.43536769"
"1"," 0.999973310"
"1"," 0.2243925"
"1","
174"
"1","    1"
"1"," 0.47829850"
"1"," 0.999999997"
"1"," 0.2827162"
"1","
177"
"1","    1"
"1"," 0.35653166"
"1"," 0.999999877"
"1"," 0.2968619"
"1","
178"
"1","    1"
"1"," 0.32021255"
"1"," 0.999999999"
"1"," 0.3031561"
"1","
186"
"1","    1"
"1"," 0.53986087"
"1"," 0.999999919"
"1"," 0.2566681"
"1","
187"
"1","    1"
"1"," 0.55736419"
"1"," 1.000000000"
"1"," 0.5239445"
"1","
188"
"1","    1"
"1"," 0.18437975"
"1"," 1.000000000"
"1"," 0.3966641"
"1","
189"
"1","    1"
"1"," 0.18457638"
"1"," 1.000000000"
"1"," 0.3987661"
"1","
190"
"1","    1"
"1"," 0.20900172"
"1"," 1.000000000"
"1"," 0.4513868"
"1","
195"
"1","    1"
"1"," 0.19278508"
"1"," 1.000000000"
"1"," 0.4413356"
"1","
196"
"1","    1"
"1"," 0.44321185"
"1"," 1.000000000"
"1"," 0.6069406"
"1","
207"
"1","    1"
"1"," 0.29538603"
"1"," 0.999999439"
"1"," 0.2960043"
"1","
213"
"1","    1"
"1"," 0.22708678"
"1"," 0.999323399"
"1"," 0.3047034"
"1","
217"
"1","    1"
"1"," 0.23533888"
"1"," 0.999984464"
"1"," 0.3225645"
"1","
218"
"1","    1"
"1"," 0.48756465"
"1"," 1.000000000"
"1"," 0.3126195"
"1","
219"
"1","    1"
"1"," 0.21441773"
"1"," 0.999726082"
"1"," 0.2807238"
"1","
222"
"1","    1"
"1"," 0.22335824"
"1"," 0.997419337"
"1"," 0.2867204"
"1","
223"
"1","    1"
"1"," 0.25681012"
"1"," 0.999998849"
"1"," 0.3425104"
"1","
235"
"1","    1"
"1"," 0.26060156"
"1"," 0.999999175"
"1"," 0.3483927"
"1","
236"
"1","    1"
"1"," 0.39703669"
"1"," 0.999985231"
"1"," 0.2875199"
"1","
238"
"1","    1"
"1"," 0.30466340"
"1"," 1.000000000"
"1"," 0.4135278"
"1","
239"
"1","    1"
"1"," 0.17016679"
"1"," 0.999999999"
"1"," 0.3820205"
"1","
241"
"1","    1"
"1"," 0.12412717"
"1"," 0.999999985"
"1"," 0.3510723"
"1","
246"
"1","    1"
"1"," 0.08852365"
"1"," 0.863704465"
"1"," 0.2625831"
"1","
249"
"1","    1"
"1"," 0.14534124"
"1"," 0.999897394"
"1"," 0.3143599"
"1","
260"
"1","    1"
"1"," 0.59428859"
"1"," 1.000000000"
"1"," 0.3282563"
"1","
266"
"1","    1"
"1"," 0.47890712"
"1"," 0.999999954"
"1"," 0.2312899"
"1","
271"
"1","    1"
"1"," 0.26482228"
"1"," 0.999946555"
"1"," 0.2705428"
"1","
278"
"1","    1"
"1"," 0.30760218"
"1"," 1.000000000"
"1"," 0.4074025"
"1","
290"
"1","    1"
"1"," 0.13281867"
"1"," 0.999999909"
"1"," 0.3513725"
"1","
295"
"1","    1"
"1"," 0.15964075"
"1"," 0.999999902"
"1"," 0.3351238"
"1","
297"
"1","    1"
"1"," 0.12442128"
"1"," 1.000000000"
"1"," 0.3887736"
"1","
299"
"1","    1"
"1"," 0.18288889"
"1"," 0.999999993"
"1"," 0.3736198"
"1","
303"
"1","    1"
"1"," 0.13175679"
"1"," 0.999999992"
"1"," 0.3623971"
"1","
306"
"1","    1"
"1"," 0.38955835"
"1"," 0.999999995"
"1"," 0.3349182"
"1","
307"
"1","    1"
"1"," 0.43055769"
"1"," 1.000000000"
"1"," 0.4022810"
"1","
311"
"1","    1"
"1"," 0.41504879"
"1"," 0.977100781"
"1"," 0.2071640"
"1","
313"
"1","    1"
"1"," 0.41209946"
"1"," 0.999958372"
"1"," 0.2113389"
"1","
316"
"1","    1"
"1"," 0.34896476"
"1"," 0.999523559"
"1"," 0.2170014"
"1","
318"
"1","    1"
"1"," 0.39445879"
"1"," 0.998824153"
"1"," 0.2162357"
"1","
321"
"1","    1"
"1"," 0.21468312"
"1"," 0.999999824"
"1"," 0.3122643"
"1","
332"
"1","    1"
"1"," 0.07545540"
"1"," 0.999816876"
"1"," 0.2859720"
"1","
334"
"1","    1"
"1"," 0.22388651"
"1"," 0.999999901"
"1"," 0.3375278"
"1","
335"
"1","    1"
"1"," 0.21646889"
"1"," 0.999999765"
"1"," 0.3310262"
"1","
337"
"1","    1"
"1"," 0.26868810"
"1"," 0.999968320"
"1"," 0.2824498"
"1","
341"
"1","    1"
"1"," 0.30868822"
"1"," 0.999984964"
"1"," 0.2717476"
"1","
348"
"1","    1"
"1"," 0.19895425"
"1"," 0.999998656"
"1"," 0.3454231"
"1","
350"
"1","    1"
"1"," 0.24552037"
"1"," 0.999999996"
"1"," 0.3747841"
"1","
351"
"1","    1"
"1"," 0.21933734"
"1"," 0.999998622"
"1"," 0.3366489"
"1","
353"
"1","    1"
"1"," 0.18656068"
"1"," 0.999139108"
"1"," 0.3124977"
"1","
355"
"1","    1"
"1"," 0.21942752"
"1"," 0.993945784"
"1"," 0.3052134"
"1","
356"
"1","    1"
"1"," 0.22547031"
"1"," 0.998009529"
"1"," 0.3117707"
"1","
357"
"1","    1"
"1"," 0.78159033"
"1"," 0.987026152"
"1"," 0.3019574"
"1","
359"
"1","    1"
"1"," 0.30983087"
"1"," 0.969233545"
"1"," 0.2969275"
"1","
360"
"1","    1"
"1"," 0.51764422"
"1"," 0.829988721"
"1"," 0.2593401"
"1","
362"
"1","    1"
"1"," 0.49044178"
"1"," 0.802138950"
"1"," 0.2512583"
"1","
364"
"1","    1"
"1"," 0.42873731"
"1"," 0.974510589"
"1"," 0.2974831"
"1","
367"
"1","    1"
"1"," 0.50162651"
"1"," 0.740338330"
"1"," 0.2560305"
"1","
368"
"1","    1"
"1"," 0.43588165"
"1"," 0.356884727"
"1"," 0.3670548"
"1","
372"
"1","    1"
"1"," 0.51067356"
"1"," 0.155452767"
"1"," 0.7392417"
"1","
375"
"1","    1"
"1"," 0.40994052"
"1"," 0.509518309"
"1"," 0.2366554"
"1","
382"
"1","    1"
"1"," 0.42874958"
"1"," 0.498558869"
"1"," 0.2698857"
"1","
387"
"1","    1"
"1"," 0.40484981"
"1"," 0.531776563"
"1"," 0.2215750"
"1","
395"
"1","    1"
"1"," 0.44320496"
"1"," 0.573432346"
"1"," 0.2510181"
"1","
399"
"1","    1"
"1"," 0.39239946"
"1"," 0.537346285"
"1"," 0.2090451"
"1","
402"
"1","    1"
"1"," 0.42920697"
"1"," 0.536397499"
"1"," 0.2524563"
"1","
405"
"1","    1"
"1"," 0.39798021"
"1"," 0.539681891"
"1"," 0.2119860"
"1","
408"
"1","    1"
"1"," 0.46177214"
"1"," 0.382517772"
"1"," 0.4091741"
"1","
411"
"1","    1"
"1"," 0.39280207"
"1"," 0.005377495"
"1"," 0.9277342"
"1","
412"
"1","    1"
"1"," 0.42655832"
"1"," 0.135598278"
"1"," 0.5820158"
"1","
418"
"1","    1"
"1"," 0.40907820"
"1"," 0.522344426"
"1"," 0.2293121"
"1","
419"
"1","    1"
"1"," 0.36132400"
"1"," 0.488656186"
"1"," 0.2092741"
"1","
420"
"1","    1"
"1"," 0.42389519"
"1"," 0.564490709"
"1"," 0.2411955"
"1","
423"
"1","    1"
"1"," 0.45471760"
"1"," 0.545741250"
"1"," 0.2805846"
"1","
425"
"1","    1"
"1"," 0.44101785"
"1"," 0.523497489"
"1"," 0.2747622"
"1","
426"
"1","    1"
"1"," 0.41604493"
"1"," 0.524369615"
"1"," 0.2368895"
"1","
427"
"1","    1"
"1"," 0.44041084"
"1"," 0.517893490"
"1"," 0.2734528"
"1","
431"
"1","    1"
"1"," 0.44198651"
"1"," 0.514095355"
"1"," 0.2987589"
"1","
446"
"1","    1"
"1"," 0.41285614"
"1"," 0.565380884"
"1"," 0.2258393"
"1","
451"
"1","    1"
"1"," 0.43126954"
"1"," 0.646488255"
"1"," 0.2442646"
"1","
455"
"1","    1"
"1"," 0.42567479"
"1"," 0.590286507"
"1"," 0.2402115"
"1","
456"
"1","    1"
"1"," 0.43824277"
"1"," 0.668387471"
"1"," 0.2492767"
"1","
467"
"1","    1"
"1"," 0.44425626"
"1"," 0.630170334"
"1"," 0.2566929"
"1","
469"
"1","    1"
"1"," 0.44428750"
"1"," 0.539870994"
"1"," 0.2597351"
"1","
470"
"1","    1"
"1"," 0.46295068"
"1"," 0.593256453"
"1"," 0.2627907"
"1","
476"
"1","    1"
"1"," 0.44338459"
"1"," 0.551912716"
"1"," 0.2720050"
"1","
477"
"1","    1"
"1"," 0.47315128"
"1"," 0.700800194"
"1"," 0.2683690"
"1","
479"
"1","    1"
"1"," 0.45244965"
"1"," 0.572688023"
"1"," 0.2687654"
"1","
480"
"1","    1"
"1"," 0.45867481"
"1"," 0.552186147"
"1"," 0.2853735"
"1","
481"
"1","    1"
"1"," 0.52837267"
"1"," 0.830309380"
"1"," 0.2745165"
"1","
488"
"1","    1"
"1"," 0.53562931"
"1"," 0.835275621"
"1"," 0.2745569"
"1","
490"
"1","    1"
"1"," 0.38129799"
"1"," 0.824011930"
"1"," 0.1873551"
"1","
492"
"1","    1"
"1"," 0.39654942"
"1"," 0.964243963"
"1"," 0.2022176"
"1","
494"
"1","    1"
"1"," 0.44207037"
"1"," 0.999114906"
"1"," 0.2203566"
"1","
498"
"1","    1"
"1"," 0.41744024"
"1"," 0.996865008"
"1"," 0.2060737"
"1","
500"
"1","    1"
"1"," 0.41599858"
"1"," 0.991447867"
"1"," 0.1949514"
"1","
506"
"1","    1"
"1"," 0.41678814"
"1"," 0.999995540"
"1"," 0.2065437"
"1","
"
"1","
"
"1","
"
"1","$net.result
"
"1","   "
"1","       [,1]"
"1","
2  "
"1"," 0.31737497"
"1","
5  "
"1"," 0.60862023"
"1","
9  "
"1"," 0.28631994"
"1","
12 "
"1"," 0.27620522"
"1","
19 "
"1"," 0.34629099"
"1","
23 "
"1"," 0.28034623"
"1","
26 "
"1"," 0.25228292"
"1","
27 "
"1"," 0.27087104"
"1","
34 "
"1"," 0.24844721"
"1","
35 "
"1"," 0.23589174"
"1","
37 "
"1"," 0.40140873"
"1","
38 "
"1"," 0.39966616"
"1","
45 "
"1"," 0.34556079"
"1","
50 "
"1"," 0.27520290"
"1","
51 "
"1"," 0.29867778"
"1","
52 "
"1"," 0.32108536"
"1","
53 "
"1"," 0.50389585"
"1","
54 "
"1"," 0.37560341"
"1","
56 "
"1"," 0.64404469"
"1","
57 "
"1"," 0.46199196"
"1","
58 "
"1"," 0.60029203"
"1","
70 "
"1"," 0.32030459"
"1","
75 "
"1"," 0.38477191"
"1","
80 "
"1"," 0.30664042"
"1","
82 "
"1"," 0.40068755"
"1","
100"
"1"," 0.64520523"
"1","
108"
"1"," 0.35402183"
"1","
113"
"1"," 0.30876203"
"1","
118"
"1"," 0.33499991"
"1","
120"
"1"," 0.34798061"
"1","
121"
"1"," 0.39187544"
"1","
130"
"1"," 0.21858299"
"1","
134"
"1"," 0.25449046"
"1","
135"
"1"," 0.22232403"
"1","
142"
"1"," 0.05695282"
"1","
150"
"1"," 0.23843817"
"1","
152"
"1"," 0.26598568"
"1","
159"
"1"," 0.59108398"
"1","
162"
"1"," 0.95435945"
"1","
164"
"1"," 0.95435705"
"1","
166"
"1"," 0.38208740"
"1","
170"
"1"," 0.42123392"
"1","
171"
"1"," 0.35594836"
"1","
174"
"1"," 0.47145894"
"1","
177"
"1"," 0.43462650"
"1","
178"
"1"," 0.42700038"
"1","
186"
"1"," 0.45948431"
"1","
187"
"1"," 0.90083248"
"1","
188"
"1"," 0.51176723"
"1","
189"
"1"," 0.51526719"
"1","
190"
"1"," 0.61245077"
"1","
195"
"1"," 0.58822072"
"1","
196"
"1"," 0.97921491"
"1","
207"
"1"," 0.40324082"
"1","
213"
"1"," 0.38345283"
"1","
217"
"1"," 0.41677977"
"1","
218"
"1"," 0.52442265"
"1","
219"
"1"," 0.33862962"
"1","
222"
"1"," 0.35147342"
"1","
223"
"1"," 0.45961643"
"1","
235"
"1"," 0.47100096"
"1","
236"
"1"," 0.43936344"
"1","
238"
"1"," 0.59808088"
"1","
239"
"1"," 0.48108443"
"1","
241"
"1"," 0.40838842"
"1","
246"
"1"," 0.17369174"
"1","
249"
"1"," 0.35929699"
"1","
260"
"1"," 0.60209782"
"1","
266"
"1"," 0.38849051"
"1","
271"
"1"," 0.34699205"
"1","
278"
"1"," 0.58960487"
"1","
290"
"1"," 0.41313824"
"1","
295"
"1"," 0.39998756"
"1","
297"
"1"," 0.46957684"
"1","
299"
"1"," 0.47372363"
"1","
303"
"1"," 0.43046792"
"1","
306"
"1"," 0.51244782"
"1","
307"
"1"," 0.64163195"
"1","
311"
"1"," 0.30567439"
"1","
313"
"1"," 0.32338958"
"1","
316"
"1"," 0.30134944"
"1","
318"
"1"," 0.32204864"
"1","
321"
"1"," 0.38997717"
"1","
332"
"1"," 0.27900422"
"1","
334"
"1"," 0.43539763"
"1","
335"
"1"," 0.42123154"
"1","
337"
"1"," 0.36817966"
"1","
341"
"1"," 0.37048338"
"1","
348"
"1"," 0.43594942"
"1","
350"
"1"," 0.50633460"
"1","
351"
"1"," 0.43174215"
"1","
353"
"1"," 0.37609173"
"1","
355"
"1"," 0.37760332"
"1","
356"
"1"," 0.39338999"
"1","
357"
"1"," 0.64436293"
"1","
359"
"1"," 0.39512875"
"1","
360"
"1"," 0.36066502"
"1","
362"
"1"," 0.31912340"
"1","
364"
"1"," 0.45722477"
"1","
367"
"1"," 0.29880481"
"1","
368"
"1"," 0.23825868"
"1","
372"
"1"," 0.76828231"
"1","
375"
"1"," 0.09721344"
"1","
382"
"1"," 0.15429916"
"1","
387"
"1"," 0.08237564"
"1","
395"
"1"," 0.17146698"
"1","
399"
"1"," 0.05900202"
"1","
402"
"1"," 0.14683372"
"1","
405"
"1"," 0.06776893"
"1","
408"
"1"," 0.33306575"
"1","
411"
"1"," 0.93422557"
"1","
412"
"1"," 0.46167143"
"1","
418"
"1"," 0.09185989"
"1","
419"
"1"," 0.01770908"
"1","
420"
"1"," 0.14123799"
"1","
423"
"1"," 0.20996251"
"1","
425"
"1"," 0.18174508"
"1","
426"
"1"," 0.10864532"
"1","
427"
"1"," 0.17628651"
"1","
431"
"1"," 0.21597316"
"1","
446"
"1"," 0.11144147"
"1","
451"
"1"," 0.19431621"
"1","
455"
"1"," 0.15451440"
"1","
456"
"1"," 0.21773479"
"1","
467"
"1"," 0.21195651"
"1","
469"
"1"," 0.16790202"
"1","
470"
"1"," 0.21097174"
"1","
476"
"1"," 0.19385968"
"1","
477"
"1"," 0.28336042"
"1","
479"
"1"," 0.20433390"
"1","
480"
"1"," 0.22315468"
"1","
481"
"1"," 0.39067519"
"1","
488"
"1"," 0.39699524"
"1","
490"
"1"," 0.17397867"
"1","
492"
"1"," 0.28161393"
"1","
494"
"1"," 0.35223621"
"1","
498"
"1"," 0.31580605"
"1","
500"
"1"," 0.29415089"
"1","
506"
"1"," 0.31794576"
"1","
"
"1","
"
