"0","# Capturando os nomes das colunas"
"0","nomes_colunas <- colnames(dados_norm_treinamento)"
"0","nomes_colunas"
"1"," [1]"
"1"," ""crim""   "
"1"," ""zn""     "
"1"," ""indus""  "
"1"," ""chas""   "
"1"," ""nox""    "
"1"," ""rm""     "
"1"," ""age""    "
"1"," ""dis""    "
"1"," ""rad""    "
"1"," ""tax""    "
"1"," ""ptratio"""
"1"," ""black""  "
"1"," ""lstat""  "
"1"," ""medv""   "
"1","
"
"0","# Vamos usar os nomes das variáveis explanatórias na montagem do objeto do tipo fórmula do R"
"0","equation_model <- as.formula(paste ( ""medv ~ "", paste(nomes_colunas[!nomes_colunas %in% ""medv""], collapse = "" + "")))"
"0","equation_model"
"1","medv ~ crim + zn + indus + chas + nox + rm + age + dis + rad + 
"
"1","    tax + ptratio + black + lstat
"
"0","# Treinamento com NeuralNet - repare estamos "
"0","?neuralnet"
"0","modelo_RNA = neuralnet(equation_model, data = dados_norm_treinamento, hidden = c(5,3), linear.output = TRUE)"
"0","modelo_RNA"
"1","$call
"
"1","neuralnet(formula = equation_model, data = dados_norm_treinamento, 
"
"1","    hidden = c(5, 3), linear.output = TRUE)
"
"1","
"
"1","$response
"
"1","   "
"1","       medv"
"1","
1  "
"1"," 0.42222222"
"1","
3  "
"1"," 0.66000000"
"1","
4  "
"1"," 0.63111111"
"1","
6  "
"1"," 0.52666667"
"1","
7  "
"1"," 0.39777778"
"1","
8  "
"1"," 0.49111111"
"1","
10 "
"1"," 0.30888889"
"1","
11 "
"1"," 0.22222222"
"1","
13 "
"1"," 0.37111111"
"1","
14 "
"1"," 0.34222222"
"1","
15 "
"1"," 0.29333333"
"1","
16 "
"1"," 0.33111111"
"1","
17 "
"1"," 0.40222222"
"1","
18 "
"1"," 0.27777778"
"1","
20 "
"1"," 0.29333333"
"1","
21 "
"1"," 0.19111111"
"1","
22 "
"1"," 0.32444444"
"1","
24 "
"1"," 0.21111111"
"1","
25 "
"1"," 0.23555556"
"1","
28 "
"1"," 0.21777778"
"1","
29 "
"1"," 0.29777778"
"1","
30 "
"1"," 0.35555556"
"1","
31 "
"1"," 0.17111111"
"1","
32 "
"1"," 0.21111111"
"1","
33 "
"1"," 0.18222222"
"1","
36 "
"1"," 0.30888889"
"1","
39 "
"1"," 0.43777778"
"1","
40 "
"1"," 0.57333333"
"1","
41 "
"1"," 0.66444444"
"1","
42 "
"1"," 0.48000000"
"1","
43 "
"1"," 0.45111111"
"1","
44 "
"1"," 0.43777778"
"1","
46 "
"1"," 0.31777778"
"1","
47 "
"1"," 0.33333333"
"1","
48 "
"1"," 0.25777778"
"1","
49 "
"1"," 0.20888889"
"1","
55 "
"1"," 0.30888889"
"1","
59 "
"1"," 0.40666667"
"1","
60 "
"1"," 0.32444444"
"1","
61 "
"1"," 0.30444444"
"1","
62 "
"1"," 0.24444444"
"1","
63 "
"1"," 0.38222222"
"1","
64 "
"1"," 0.44444444"
"1","
65 "
"1"," 0.62222222"
"1","
66 "
"1"," 0.41111111"
"1","
67 "
"1"," 0.32000000"
"1","
68 "
"1"," 0.37777778"
"1","
69 "
"1"," 0.27555556"
"1","
71 "
"1"," 0.42666667"
"1","
72 "
"1"," 0.37111111"
"1","
73 "
"1"," 0.39555556"
"1","
74 "
"1"," 0.40888889"
"1","
76 "
"1"," 0.36444444"
"1","
77 "
"1"," 0.33333333"
"1","
78 "
"1"," 0.35111111"
"1","
79 "
"1"," 0.36000000"
"1","
81 "
"1"," 0.51111111"
"1","
83 "
"1"," 0.44000000"
"1","
84 "
"1"," 0.39777778"
"1","
85 "
"1"," 0.42000000"
"1","
86 "
"1"," 0.48000000"
"1","
87 "
"1"," 0.38888889"
"1","
88 "
"1"," 0.38222222"
"1","
89 "
"1"," 0.41333333"
"1","
90 "
"1"," 0.52666667"
"1","
91 "
"1"," 0.39111111"
"1","
92 "
"1"," 0.37777778"
"1","
93 "
"1"," 0.39777778"
"1","
94 "
"1"," 0.44444444"
"1","
95 "
"1"," 0.34666667"
"1","
96 "
"1"," 0.52000000"
"1","
97 "
"1"," 0.36444444"
"1","
98 "
"1"," 0.74888889"
"1","
99 "
"1"," 0.86222222"
"1","
101"
"1"," 0.50000000"
"1","
102"
"1"," 0.47777778"
"1","
103"
"1"," 0.30222222"
"1","
104"
"1"," 0.31777778"
"1","
105"
"1"," 0.33555556"
"1","
106"
"1"," 0.32222222"
"1","
107"
"1"," 0.32222222"
"1","
109"
"1"," 0.32888889"
"1","
110"
"1"," 0.32000000"
"1","
111"
"1"," 0.37111111"
"1","
112"
"1"," 0.39555556"
"1","
114"
"1"," 0.30444444"
"1","
115"
"1"," 0.30000000"
"1","
116"
"1"," 0.29555556"
"1","
117"
"1"," 0.36000000"
"1","
119"
"1"," 0.34222222"
"1","
122"
"1"," 0.34000000"
"1","
123"
"1"," 0.34444444"
"1","
124"
"1"," 0.27333333"
"1","
125"
"1"," 0.30666667"
"1","
126"
"1"," 0.36444444"
"1","
127"
"1"," 0.23777778"
"1","
128"
"1"," 0.24888889"
"1","
129"
"1"," 0.28888889"
"1","
131"
"1"," 0.31555556"
"1","
132"
"1"," 0.32444444"
"1","
133"
"1"," 0.40000000"
"1","
136"
"1"," 0.29111111"
"1","
137"
"1"," 0.27555556"
"1","
138"
"1"," 0.26888889"
"1","
139"
"1"," 0.18444444"
"1","
140"
"1"," 0.28444444"
"1","
141"
"1"," 0.20000000"
"1","
143"
"1"," 0.18666667"
"1","
144"
"1"," 0.23555556"
"1","
145"
"1"," 0.15111111"
"1","
146"
"1"," 0.19555556"
"1","
147"
"1"," 0.23555556"
"1","
148"
"1"," 0.21333333"
"1","
149"
"1"," 0.28444444"
"1","
151"
"1"," 0.36666667"
"1","
153"
"1"," 0.22888889"
"1","
154"
"1"," 0.32000000"
"1","
155"
"1"," 0.26666667"
"1","
156"
"1"," 0.23555556"
"1","
157"
"1"," 0.18000000"
"1","
158"
"1"," 0.80666667"
"1","
160"
"1"," 0.40666667"
"1","
161"
"1"," 0.48888889"
"1","
163"
"1"," 1.00000000"
"1","
165"
"1"," 0.39333333"
"1","
167"
"1"," 1.00000000"
"1","
168"
"1"," 0.41777778"
"1","
169"
"1"," 0.41777778"
"1","
172"
"1"," 0.31333333"
"1","
173"
"1"," 0.40222222"
"1","
175"
"1"," 0.39111111"
"1","
176"
"1"," 0.54222222"
"1","
179"
"1"," 0.55333333"
"1","
180"
"1"," 0.71555556"
"1","
181"
"1"," 0.77333333"
"1","
182"
"1"," 0.69333333"
"1","
183"
"1"," 0.73111111"
"1","
184"
"1"," 0.61111111"
"1","
185"
"1"," 0.47555556"
"1","
191"
"1"," 0.71111111"
"1","
192"
"1"," 0.56666667"
"1","
193"
"1"," 0.69777778"
"1","
194"
"1"," 0.58000000"
"1","
197"
"1"," 0.62888889"
"1","
198"
"1"," 0.56222222"
"1","
199"
"1"," 0.65777778"
"1","
200"
"1"," 0.66444444"
"1","
201"
"1"," 0.62000000"
"1","
202"
"1"," 0.42444444"
"1","
203"
"1"," 0.82888889"
"1","
204"
"1"," 0.96666667"
"1","
205"
"1"," 1.00000000"
"1","
206"
"1"," 0.39111111"
"1","
208"
"1"," 0.38888889"
"1","
209"
"1"," 0.43111111"
"1","
210"
"1"," 0.33333333"
"1","
211"
"1"," 0.37111111"
"1","
212"
"1"," 0.31777778"
"1","
214"
"1"," 0.51333333"
"1","
215"
"1"," 0.41555556"
"1","
216"
"1"," 0.44444444"
"1","
220"
"1"," 0.40000000"
"1","
221"
"1"," 0.48222222"
"1","
224"
"1"," 0.55777778"
"1","
225"
"1"," 0.88444444"
"1","
226"
"1"," 1.00000000"
"1","
227"
"1"," 0.72444444"
"1","
228"
"1"," 0.59111111"
"1","
229"
"1"," 0.92666667"
"1","
230"
"1"," 0.58888889"
"1","
231"
"1"," 0.42888889"
"1","
232"
"1"," 0.59333333"
"1","
233"
"1"," 0.81555556"
"1","
234"
"1"," 0.96222222"
"1","
237"
"1"," 0.44666667"
"1","
240"
"1"," 0.40666667"
"1","
242"
"1"," 0.33555556"
"1","
243"
"1"," 0.38222222"
"1","
244"
"1"," 0.41555556"
"1","
245"
"1"," 0.28000000"
"1","
247"
"1"," 0.42888889"
"1","
248"
"1"," 0.34444444"
"1","
250"
"1"," 0.47111111"
"1","
251"
"1"," 0.43111111"
"1","
252"
"1"," 0.44000000"
"1","
253"
"1"," 0.54666667"
"1","
254"
"1"," 0.84000000"
"1","
255"
"1"," 0.37555556"
"1","
256"
"1"," 0.35333333"
"1","
257"
"1"," 0.86666667"
"1","
258"
"1"," 1.00000000"
"1","
259"
"1"," 0.68888889"
"1","
261"
"1"," 0.64000000"
"1","
262"
"1"," 0.84666667"
"1","
263"
"1"," 0.97333333"
"1","
264"
"1"," 0.57777778"
"1","
265"
"1"," 0.70000000"
"1","
267"
"1"," 0.57111111"
"1","
268"
"1"," 1.00000000"
"1","
269"
"1"," 0.85555556"
"1","
270"
"1"," 0.34888889"
"1","
272"
"1"," 0.44888889"
"1","
273"
"1"," 0.43111111"
"1","
274"
"1"," 0.67111111"
"1","
275"
"1"," 0.60888889"
"1","
276"
"1"," 0.60000000"
"1","
277"
"1"," 0.62666667"
"1","
279"
"1"," 0.53555556"
"1","
280"
"1"," 0.66888889"
"1","
281"
"1"," 0.89777778"
"1","
282"
"1"," 0.67555556"
"1","
283"
"1"," 0.91111111"
"1","
284"
"1"," 1.00000000"
"1","
285"
"1"," 0.60444444"
"1","
286"
"1"," 0.37777778"
"1","
287"
"1"," 0.33555556"
"1","
288"
"1"," 0.40444444"
"1","
289"
"1"," 0.38444444"
"1","
291"
"1"," 0.52222222"
"1","
292"
"1"," 0.71777778"
"1","
293"
"1"," 0.50888889"
"1","
294"
"1"," 0.42000000"
"1","
296"
"1"," 0.52444444"
"1","
298"
"1"," 0.34000000"
"1","
300"
"1"," 0.53333333"
"1","
301"
"1"," 0.44000000"
"1","
302"
"1"," 0.37777778"
"1","
304"
"1"," 0.62444444"
"1","
305"
"1"," 0.69111111"
"1","
308"
"1"," 0.51555556"
"1","
309"
"1"," 0.39555556"
"1","
310"
"1"," 0.34000000"
"1","
312"
"1"," 0.38000000"
"1","
314"
"1"," 0.36888889"
"1","
315"
"1"," 0.41777778"
"1","
317"
"1"," 0.28444444"
"1","
319"
"1"," 0.40222222"
"1","
320"
"1"," 0.35555556"
"1","
322"
"1"," 0.40222222"
"1","
323"
"1"," 0.34222222"
"1","
324"
"1"," 0.30000000"
"1","
325"
"1"," 0.44444444"
"1","
326"
"1"," 0.43555556"
"1","
327"
"1"," 0.40000000"
"1","
328"
"1"," 0.38222222"
"1","
329"
"1"," 0.31777778"
"1","
330"
"1"," 0.39111111"
"1","
331"
"1"," 0.32888889"
"1","
333"
"1"," 0.32000000"
"1","
336"
"1"," 0.35777778"
"1","
338"
"1"," 0.30000000"
"1","
339"
"1"," 0.34666667"
"1","
340"
"1"," 0.31111111"
"1","
342"
"1"," 0.61555556"
"1","
343"
"1"," 0.25555556"
"1","
344"
"1"," 0.42000000"
"1","
345"
"1"," 0.58222222"
"1","
346"
"1"," 0.27777778"
"1","
347"
"1"," 0.27111111"
"1","
349"
"1"," 0.43333333"
"1","
352"
"1"," 0.42444444"
"1","
354"
"1"," 0.55777778"
"1","
358"
"1"," 0.37111111"
"1","
361"
"1"," 0.44444444"
"1","
363"
"1"," 0.35111111"
"1","
365"
"1"," 0.37555556"
"1","
366"
"1"," 0.50000000"
"1","
369"
"1"," 1.00000000"
"1","
370"
"1"," 1.00000000"
"1","
371"
"1"," 1.00000000"
"1","
373"
"1"," 1.00000000"
"1","
374"
"1"," 0.19555556"
"1","
376"
"1"," 0.22222222"
"1","
377"
"1"," 0.19777778"
"1","
378"
"1"," 0.18444444"
"1","
379"
"1"," 0.18000000"
"1","
380"
"1"," 0.11555556"
"1","
381"
"1"," 0.12000000"
"1","
383"
"1"," 0.14000000"
"1","
384"
"1"," 0.16222222"
"1","
385"
"1"," 0.08444444"
"1","
386"
"1"," 0.04888889"
"1","
388"
"1"," 0.05333333"
"1","
389"
"1"," 0.11555556"
"1","
390"
"1"," 0.14444444"
"1","
391"
"1"," 0.22444444"
"1","
392"
"1"," 0.40444444"
"1","
393"
"1"," 0.10444444"
"1","
394"
"1"," 0.19555556"
"1","
396"
"1"," 0.18000000"
"1","
397"
"1"," 0.16666667"
"1","
398"
"1"," 0.07777778"
"1","
400"
"1"," 0.02888889"
"1","
401"
"1"," 0.01333333"
"1","
403"
"1"," 0.15777778"
"1","
404"
"1"," 0.07333333"
"1","
406"
"1"," 0.00000000"
"1","
407"
"1"," 0.15333333"
"1","
409"
"1"," 0.27111111"
"1","
410"
"1"," 0.50000000"
"1","
413"
"1"," 0.28666667"
"1","
414"
"1"," 0.25111111"
"1","
415"
"1"," 0.04444444"
"1","
416"
"1"," 0.04888889"
"1","
417"
"1"," 0.05555556"
"1","
421"
"1"," 0.26000000"
"1","
422"
"1"," 0.20444444"
"1","
424"
"1"," 0.18666667"
"1","
428"
"1"," 0.13111111"
"1","
429"
"1"," 0.13333333"
"1","
430"
"1"," 0.10000000"
"1","
432"
"1"," 0.20222222"
"1","
433"
"1"," 0.24666667"
"1","
434"
"1"," 0.20666667"
"1","
435"
"1"," 0.14888889"
"1","
436"
"1"," 0.18666667"
"1","
437"
"1"," 0.10222222"
"1","
438"
"1"," 0.08222222"
"1","
439"
"1"," 0.07555556"
"1","
440"
"1"," 0.17333333"
"1","
441"
"1"," 0.12222222"
"1","
442"
"1"," 0.26888889"
"1","
443"
"1"," 0.29777778"
"1","
444"
"1"," 0.23111111"
"1","
445"
"1"," 0.12888889"
"1","
447"
"1"," 0.22000000"
"1","
448"
"1"," 0.16888889"
"1","
449"
"1"," 0.20222222"
"1","
450"
"1"," 0.17777778"
"1","
452"
"1"," 0.22666667"
"1","
453"
"1"," 0.24666667"
"1","
454"
"1"," 0.28444444"
"1","
457"
"1"," 0.17111111"
"1","
458"
"1"," 0.18888889"
"1","
459"
"1"," 0.22000000"
"1","
460"
"1"," 0.33333333"
"1","
461"
"1"," 0.25333333"
"1","
462"
"1"," 0.28222222"
"1","
463"
"1"," 0.32222222"
"1","
464"
"1"," 0.33777778"
"1","
465"
"1"," 0.36444444"
"1","
466"
"1"," 0.33111111"
"1","
468"
"1"," 0.31333333"
"1","
471"
"1"," 0.33111111"
"1","
472"
"1"," 0.32444444"
"1","
473"
"1"," 0.40444444"
"1","
474"
"1"," 0.55111111"
"1","
475"
"1"," 0.19555556"
"1","
478"
"1"," 0.15555556"
"1","
482"
"1"," 0.41555556"
"1","
483"
"1"," 0.44444444"
"1","
484"
"1"," 0.37333333"
"1","
485"
"1"," 0.34666667"
"1","
486"
"1"," 0.36000000"
"1","
487"
"1"," 0.31333333"
"1","
489"
"1"," 0.22666667"
"1","
491"
"1"," 0.06888889"
"1","
493"
"1"," 0.33555556"
"1","
495"
"1"," 0.43333333"
"1","
496"
"1"," 0.40222222"
"1","
497"
"1"," 0.32666667"
"1","
499"
"1"," 0.36000000"
"1","
501"
"1"," 0.26222222"
"1","
502"
"1"," 0.38666667"
"1","
503"
"1"," 0.34666667"
"1","
504"
"1"," 0.42000000"
"1","
505"
"1"," 0.37777778"
"1","
"
"1","
"
"1","$covariate
"
"1","   "
"1","         crim"
"1","    zn"
"1","      indus"
"1"," chas"
"1","         nox"
"1","        rm"
"1","        age"
"1","         dis"
"1","        rad"
"1","         tax"
"1","    ptratio"
"1","       black"
"1","       lstat"
"1","
1  "
"1"," 0.000000e+00"
"1"," 0.180"
"1"," 0.06781525"
"1","    0"
"1"," 0.314814815"
"1"," 0.5775053"
"1"," 0.64160659"
"1"," 0.269203139"
"1"," 0.00000000"
"1"," 0.208015267"
"1"," 0.28723404"
"1"," 1.000000000"
"1"," 0.089679912"
"1","
3  "
"1"," 2.356977e-04"
"1"," 0.000"
"1"," 0.24230205"
"1","    0"
"1"," 0.172839506"
"1"," 0.6943859"
"1"," 0.59938208"
"1"," 0.348961980"
"1"," 0.04347826"
"1"," 0.104961832"
"1"," 0.55319149"
"1"," 0.989737254"
"1"," 0.063465784"
"1","
4  "
"1"," 2.927957e-04"
"1"," 0.000"
"1"," 0.06304985"
"1","    0"
"1"," 0.150205761"
"1"," 0.6585553"
"1"," 0.44181256"
"1"," 0.448544590"
"1"," 0.08695652"
"1"," 0.066793893"
"1"," 0.64893617"
"1"," 0.994276060"
"1"," 0.033388521"
"1","
6  "
"1"," 2.644715e-04"
"1"," 0.000"
"1"," 0.06304985"
"1","    0"
"1"," 0.150205761"
"1"," 0.5497222"
"1"," 0.57466529"
"1"," 0.448544590"
"1"," 0.08695652"
"1"," 0.066793893"
"1"," 0.64893617"
"1"," 0.992990065"
"1"," 0.096026490"
"1","
7  "
"1"," 9.213230e-04"
"1"," 0.125"
"1"," 0.27162757"
"1","    0"
"1"," 0.286008230"
"1"," 0.4696302"
"1"," 0.65602472"
"1"," 0.402922642"
"1"," 0.17391304"
"1"," 0.236641221"
"1"," 0.27659574"
"1"," 0.996721973"
"1"," 0.295253863"
"1","
8  "
"1"," 1.553672e-03"
"1"," 0.125"
"1"," 0.27162757"
"1","    0"
"1"," 0.286008230"
"1"," 0.5002874"
"1"," 0.95983522"
"1"," 0.438387182"
"1"," 0.17391304"
"1"," 0.236641221"
"1"," 0.27659574"
"1"," 1.000000000"
"1"," 0.480684327"
"1","
10 "
"1"," 1.840173e-03"
"1"," 0.125"
"1"," 0.27162757"
"1","    0"
"1"," 0.286008230"
"1"," 0.4680973"
"1"," 0.85478888"
"1"," 0.496730897"
"1"," 0.17391304"
"1"," 0.236641221"
"1"," 0.27659574"
"1"," 0.974305310"
"1"," 0.424116998"
"1","
11 "
"1"," 2.456674e-03"
"1"," 0.125"
"1"," 0.27162757"
"1","    0"
"1"," 0.286008230"
"1"," 0.5395670"
"1"," 0.94129763"
"1"," 0.474415517"
"1"," 0.17391304"
"1"," 0.236641221"
"1"," 0.27659574"
"1"," 0.988955570"
"1"," 0.516556291"
"1","
13 "
"1"," 9.830293e-04"
"1"," 0.125"
"1"," 0.27162757"
"1","    0"
"1"," 0.286008230"
"1"," 0.4460625"
"1"," 0.37178167"
"1"," 0.392956197"
"1"," 0.17391304"
"1"," 0.236641221"
"1"," 0.27659574"
"1"," 0.983862020"
"1"," 0.385761589"
"1","
14 "
"1"," 7.007315e-03"
"1"," 0.000"
"1"," 0.28152493"
"1","    0"
"1"," 0.314814815"
"1"," 0.4575589"
"1"," 0.60659114"
"1"," 0.325355327"
"1"," 0.13043478"
"1"," 0.229007634"
"1"," 0.89361702"
"1"," 1.000000000"
"1"," 0.180187638"
"1","
15 "
"1"," 7.099481e-03"
"1"," 0.000"
"1"," 0.28152493"
"1","    0"
"1"," 0.314814815"
"1"," 0.4857252"
"1"," 0.84037075"
"1"," 0.303021761"
"1"," 0.13043478"
"1"," 0.229007634"
"1"," 0.89361702"
"1"," 0.957436078"
"1"," 0.235375276"
"1","
16 "
"1"," 6.980677e-03"
"1"," 0.000"
"1"," 0.28152493"
"1","    0"
"1"," 0.314814815"
"1"," 0.4355240"
"1"," 0.55200824"
"1"," 0.306359065"
"1"," 0.13043478"
"1"," 0.229007634"
"1"," 0.89361702"
"1"," 0.996772404"
"1"," 0.185982340"
"1","
17 "
"1"," 1.177488e-02"
"1"," 0.000"
"1"," 0.28152493"
"1","    0"
"1"," 0.314814815"
"1"," 0.4548764"
"1"," 0.27188465"
"1"," 0.306359065"
"1"," 0.13043478"
"1"," 0.229007634"
"1"," 0.89361702"
"1"," 0.974658329"
"1"," 0.133830022"
"1","
18 "
"1"," 8.743184e-03"
"1"," 0.000"
"1"," 0.28152493"
"1","    0"
"1"," 0.314814815"
"1"," 0.4654148"
"1"," 0.81153450"
"1"," 0.284471078"
"1"," 0.13043478"
"1"," 0.229007634"
"1"," 0.89361702"
"1"," 0.974406173"
"1"," 0.357064018"
"1","
20 "
"1"," 8.086782e-03"
"1"," 0.000"
"1"," 0.28152493"
"1","    0"
"1"," 0.314814815"
"1"," 0.4150220"
"1"," 0.68589083"
"1"," 0.242513799"
"1"," 0.13043478"
"1"," 0.229007634"
"1"," 0.89361702"
"1"," 0.984996722"
"1"," 0.263520971"
"1","
21 "
"1"," 1.399878e-02"
"1"," 0.000"
"1"," 0.28152493"
"1","    0"
"1"," 0.314814815"
"1"," 0.3849396"
"1"," 0.98043254"
"1"," 0.242641108"
"1"," 0.13043478"
"1"," 0.229007634"
"1"," 0.89361702"
"1"," 0.948736699"
"1"," 0.532284768"
"1","
22 "
"1"," 9.505689e-03"
"1"," 0.000"
"1"," 0.28152493"
"1","    0"
"1"," 0.314814815"
"1"," 0.4606246"
"1"," 0.88877446"
"1"," 0.262137511"
"1"," 0.13043478"
"1"," 0.229007634"
"1"," 0.89361702"
"1"," 0.988980786"
"1"," 0.333885210"
"1","
24 "
"1"," 1.103868e-02"
"1"," 0.000"
"1"," 0.28152493"
"1","    0"
"1"," 0.314814815"
"1"," 0.4315003"
"1"," 1.00000000"
"1"," 0.269676000"
"1"," 0.13043478"
"1"," 0.229007634"
"1"," 0.89361702"
"1"," 0.994049120"
"1"," 0.500827815"
"1","
25 "
"1"," 8.361706e-03"
"1"," 0.000"
"1"," 0.28152493"
"1","    0"
"1"," 0.314814815"
"1"," 0.4527687"
"1"," 0.93923790"
"1"," 0.297356528"
"1"," 0.13043478"
"1"," 0.229007634"
"1"," 0.89361702"
"1"," 0.993519593"
"1"," 0.402041943"
"1","
28 "
"1"," 1.067159e-02"
"1"," 0.000"
"1"," 0.28152493"
"1","    0"
"1"," 0.314814815"
"1"," 0.4763365"
"1"," 0.88465499"
"1"," 0.302248816"
"1"," 0.13043478"
"1"," 0.229007634"
"1"," 0.89361702"
"1"," 0.771748449"
"1"," 0.429083885"
"1","
29 "
"1"," 8.617186e-03"
"1"," 0.000"
"1"," 0.28152493"
"1","    0"
"1"," 0.314814815"
"1"," 0.5621767"
"1"," 0.94232750"
"1"," 0.302367031"
"1"," 0.13043478"
"1"," 0.229007634"
"1"," 0.89361702"
"1"," 0.977406828"
"1"," 0.305463576"
"1","
30 "
"1"," 1.119626e-02"
"1"," 0.000"
"1"," 0.28152493"
"1","    0"
"1"," 0.314814815"
"1"," 0.5964744"
"1"," 0.86920700"
"1"," 0.282752412"
"1"," 0.13043478"
"1"," 0.229007634"
"1"," 0.89361702"
"1"," 0.957965606"
"1"," 0.282836645"
"1","
31 "
"1"," 1.263900e-02"
"1"," 0.000"
"1"," 0.28152493"
"1","    0"
"1"," 0.314814815"
"1"," 0.4123395"
"1"," 0.93923790"
"1"," 0.282206804"
"1"," 0.13043478"
"1"," 0.229007634"
"1"," 0.89361702"
"1"," 0.907383126"
"1"," 0.575883002"
"1","
32 "
"1"," 1.515569e-02"
"1"," 0.000"
"1"," 0.28152493"
"1","    0"
"1"," 0.314814815"
"1"," 0.4811267"
"1"," 1.00000000"
"1"," 0.276932590"
"1"," 0.13043478"
"1"," 0.229007634"
"1"," 0.89361702"
"1"," 0.949140148"
"1"," 0.312086093"
"1","
33 "
"1"," 1.552964e-02"
"1"," 0.000"
"1"," 0.28152493"
"1","    0"
"1"," 0.314814815"
"1"," 0.4577505"
"1"," 0.81462410"
"1"," 0.260109667"
"1"," 0.13043478"
"1"," 0.229007634"
"1"," 0.89361702"
"1"," 0.585707802"
"1"," 0.716887417"
"1","
36 "
"1"," 6.502201e-04"
"1"," 0.000"
"1"," 0.20161290"
"1","    0"
"1"," 0.234567901"
"1"," 0.4544932"
"1"," 0.67250257"
"1"," 0.202848075"
"1"," 0.17391304"
"1"," 0.175572519"
"1"," 0.70212766"
"1"," 1.000000000"
"1"," 0.219370861"
"1","
39 "
"1"," 1.896485e-03"
"1"," 0.000"
"1"," 0.20161290"
"1","    0"
"1"," 0.234567901"
"1"," 0.4608162"
"1"," 0.28115345"
"1"," 0.247133283"
"1"," 0.17391304"
"1"," 0.175572519"
"1"," 0.70212766"
"1"," 0.991250189"
"1"," 0.231788079"
"1","
40 "
"1"," 2.395193e-04"
"1"," 0.750"
"1"," 0.09127566"
"1","    0"
"1"," 0.088477366"
"1"," 0.5813374"
"1"," 0.19464470"
"1"," 0.388427648"
"1"," 0.08695652"
"1"," 0.124045802"
"1"," 0.60638298"
"1"," 0.996797620"
"1"," 0.071467991"
"1","
41 "
"1"," 3.065082e-04"
"1"," 0.750"
"1"," 0.09127566"
"1","    0"
"1"," 0.088477366"
"1"," 0.6635371"
"1"," 0.13285273"
"1"," 0.388427648"
"1"," 0.08695652"
"1"," 0.124045802"
"1"," 0.60638298"
"1"," 0.996772404"
"1"," 0.006898455"
"1","
42 "
"1"," 1.361360e-03"
"1"," 0.000"
"1"," 0.23643695"
"1","    0"
"1"," 0.129629630"
"1"," 0.6148687"
"1"," 0.00000000"
"1"," 0.417508571"
"1"," 0.08695652"
"1"," 0.087786260"
"1"," 0.56382979"
"1"," 0.971027283"
"1"," 0.085816777"
"1","
43 "
"1"," 1.519391e-03"
"1"," 0.000"
"1"," 0.23643695"
"1","    0"
"1"," 0.129629630"
"1"," 0.4997126"
"1"," 0.03810505"
"1"," 0.417508571"
"1"," 0.08695652"
"1"," 0.087786260"
"1"," 0.56382979"
"1"," 0.965883302"
"1"," 0.112582781"
"1","
44 "
"1"," 1.720133e-03"
"1"," 0.000"
"1"," 0.23643695"
"1","    0"
"1"," 0.129629630"
"1"," 0.5077601"
"1"," 0.03707518"
"1"," 0.417508571"
"1"," 0.08695652"
"1"," 0.087786260"
"1"," 0.56382979"
"1"," 0.993847395"
"1"," 0.157560706"
"1","
46 "
"1"," 1.855684e-03"
"1"," 0.000"
"1"," 0.23643695"
"1","    0"
"1"," 0.129629630"
"1"," 0.4063997"
"1"," 0.31822863"
"1"," 0.361083578"
"1"," 0.08695652"
"1"," 0.087786260"
"1"," 0.56382979"
"1"," 1.000000000"
"1"," 0.233995585"
"1","
47 "
"1"," 2.046086e-03"
"1"," 0.000"
"1"," 0.23643695"
"1","    0"
"1"," 0.129629630"
"1"," 0.4263269"
"1"," 0.31307930"
"1"," 0.361083578"
"1"," 0.08695652"
"1"," 0.087786260"
"1"," 0.56382979"
"1"," 1.000000000"
"1"," 0.342715232"
"1","
48 "
"1"," 2.505904e-03"
"1"," 0.000"
"1"," 0.23643695"
"1","    0"
"1"," 0.129629630"
"1"," 0.4730791"
"1"," 0.85066941"
"1"," 0.414644127"
"1"," 0.08695652"
"1"," 0.087786260"
"1"," 0.56382979"
"1"," 0.989510313"
"1"," 0.471026490"
"1","
49 "
"1"," 2.782402e-03"
"1"," 0.000"
"1"," 0.23643695"
"1","    0"
"1"," 0.129629630"
"1"," 0.3521747"
"1"," 0.95159629"
"1"," 0.431066937"
"1"," 0.08695652"
"1"," 0.087786260"
"1"," 0.56382979"
"1"," 1.000000000"
"1"," 0.802428256"
"1","
55 "
"1"," 8.182544e-05"
"1"," 0.750"
"1"," 0.12976540"
"1","    0"
"1"," 0.051440329"
"1"," 0.4458709"
"1"," 0.46035015"
"1"," 0.562894998"
"1"," 0.08695652"
"1"," 0.538167939"
"1"," 0.90425532"
"1"," 1.000000000"
"1"," 0.360651214"
"1","
59 "
"1"," 1.664945e-03"
"1"," 0.250"
"1"," 0.17118768"
"1","    0"
"1"," 0.139917695"
"1"," 0.4951140"
"1"," 0.27085479"
"1"," 0.607916777"
"1"," 0.30434783"
"1"," 0.185114504"
"1"," 0.75531915"
"1"," 0.984315901"
"1"," 0.141556291"
"1","
60 "
"1"," 1.089807e-03"
"1"," 0.250"
"1"," 0.17118768"
"1","    0"
"1"," 0.139917695"
"1"," 0.4533436"
"1"," 0.45623069"
"1"," 0.527639608"
"1"," 0.30434783"
"1"," 0.185114504"
"1"," 0.75531915"
"1"," 1.000000000"
"1"," 0.206677704"
"1","
61 "
"1"," 1.607286e-03"
"1"," 0.250"
"1"," 0.17118768"
"1","    0"
"1"," 0.139917695"
"1"," 0.4177045"
"1"," 0.65190525"
"1"," 0.554319854"
"1"," 0.30434783"
"1"," 0.185114504"
"1"," 0.75531915"
"1"," 0.995486409"
"1"," 0.315121413"
"1","
62 "
"1"," 1.858944e-03"
"1"," 0.250"
"1"," 0.17118768"
"1","    0"
"1"," 0.139917695"
"1"," 0.4608162"
"1"," 0.93202884"
"1"," 0.517318517"
"1"," 0.30434783"
"1"," 0.185114504"
"1"," 0.75531915"
"1"," 0.952544253"
"1"," 0.350717439"
"1","
63 "
"1"," 1.168373e-03"
"1"," 0.250"
"1"," 0.17118768"
"1","    0"
"1"," 0.139917695"
"1"," 0.5547040"
"1"," 0.66838311"
"1"," 0.554328947"
"1"," 0.30434783"
"1"," 0.185114504"
"1"," 0.75531915"
"1"," 1.000000000"
"1"," 0.137969095"
"1","
64 "
"1"," 1.350794e-03"
"1"," 0.250"
"1"," 0.17118768"
"1","    0"
"1"," 0.139917695"
"1"," 0.6133359"
"1"," 0.41709578"
"1"," 0.623021033"
"1"," 0.30434783"
"1"," 0.185114504"
"1"," 0.75531915"
"1"," 0.996671542"
"1"," 0.214403974"
"1","
65 "
"1"," 1.482524e-04"
"1"," 0.175"
"1"," 0.03372434"
"1","    0"
"1"," 0.063991770"
"1"," 0.6788657"
"1"," 0.58290422"
"1"," 0.735961953"
"1"," 0.08695652"
"1"," 0.055343511"
"1"," 0.63829787"
"1"," 0.990771093"
"1"," 0.174392936"
"1","
66 "
"1"," 3.317977e-04"
"1"," 0.800"
"1"," 0.10667155"
"1","    0"
"1"," 0.026748971"
"1"," 0.5228971"
"1"," 0.15345005"
"1"," 0.498495030"
"1"," 0.13043478"
"1"," 0.286259542"
"1"," 0.37234043"
"1"," 1.000000000"
"1"," 0.081125828"
"1","
67 "
"1"," 4.211538e-04"
"1"," 0.800"
"1"," 0.10667155"
"1","    0"
"1"," 0.026748971"
"1"," 0.4265185"
"1"," 0.29042225"
"1"," 0.498495030"
"1"," 0.13043478"
"1"," 0.286259542"
"1"," 0.37234043"
"1"," 1.000000000"
"1"," 0.234823400"
"1","
68 "
"1"," 5.796344e-04"
"1"," 0.125"
"1"," 0.20564516"
"1","    0"
"1"," 0.049382716"
"1"," 0.4439548"
"1"," 0.19052523"
"1"," 0.488173940"
"1"," 0.13043478"
"1"," 0.301526718"
"1"," 0.67021277"
"1"," 0.998260124"
"1"," 0.175772627"
"1","
69 "
"1"," 1.452402e-03"
"1"," 0.125"
"1"," 0.20564516"
"1","    0"
"1"," 0.049382716"
"1"," 0.3895382"
"1"," 0.34912461"
"1"," 0.488173940"
"1"," 0.13043478"
"1"," 0.301526718"
"1"," 0.67021277"
"1"," 1.000000000"
"1"," 0.313465784"
"1","
71 "
"1"," 9.209858e-04"
"1"," 0.000"
"1"," 0.37939883"
"1","    0"
"1"," 0.057613169"
"1"," 0.5472313"
"1"," 0.03810505"
"1"," 0.378079277"
"1"," 0.13043478"
"1"," 0.225190840"
"1"," 0.70212766"
"1"," 0.966791064"
"1"," 0.137693157"
"1","
72 "
"1"," 1.713389e-03"
"1"," 0.000"
"1"," 0.37939883"
"1","    0"
"1"," 0.057613169"
"1"," 0.4598582"
"1"," 0.15036045"
"1"," 0.378079277"
"1"," 0.13043478"
"1"," 0.225190840"
"1"," 0.70212766"
"1"," 0.949669676"
"1"," 0.224889625"
"1","
73 "
"1"," 9.589762e-04"
"1"," 0.000"
"1"," 0.37939883"
"1","    0"
"1"," 0.057613169"
"1"," 0.4797854"
"1"," 0.05046344"
"1"," 0.378079277"
"1"," 0.13043478"
"1"," 0.225190840"
"1"," 0.70212766"
"1"," 0.984895860"
"1"," 0.104580574"
"1","
74 "
"1"," 2.125101e-03"
"1"," 0.000"
"1"," 0.37939883"
"1","    0"
"1"," 0.057613169"
"1"," 0.5142748"
"1"," 0.03398558"
"1"," 0.378079277"
"1"," 0.13043478"
"1"," 0.225190840"
"1"," 0.70212766"
"1"," 0.950249634"
"1"," 0.160320088"
"1","
76 "
"1"," 9.980906e-04"
"1"," 0.000"
"1"," 0.45344575"
"1","    0"
"1"," 0.106995885"
"1"," 0.5221307"
"1"," 0.43357364"
"1"," 0.306722804"
"1"," 0.17391304"
"1"," 0.402671756"
"1"," 0.64893617"
"1"," 0.965530284"
"1"," 0.198951435"
"1","
77 "
"1"," 1.070137e-03"
"1"," 0.000"
"1"," 0.45344575"
"1","    0"
"1"," 0.106995885"
"1"," 0.5207894"
"1"," 0.73738414"
"1"," 0.265765807"
"1"," 0.17391304"
"1"," 0.402671756"
"1"," 0.64893617"
"1"," 0.941398961"
"1"," 0.282560706"
"1","
78 "
"1"," 9.076105e-04"
"1"," 0.000"
"1"," 0.45344575"
"1","    0"
"1"," 0.106995885"
"1"," 0.4941560"
"1"," 0.44181256"
"1"," 0.269248606"
"1"," 0.17391304"
"1"," 0.402671756"
"1"," 0.64893617"
"1"," 0.974935700"
"1"," 0.235651214"
"1","
79 "
"1"," 5.635615e-04"
"1"," 0.000"
"1"," 0.45344575"
"1","    0"
"1"," 0.106995885"
"1"," 0.5117839"
"1"," 0.52317199"
"1"," 0.353235912"
"1"," 0.17391304"
"1"," 0.402671756"
"1"," 0.64893617"
"1"," 0.973523627"
"1"," 0.292770419"
"1","
81 "
"1"," 3.912560e-04"
"1"," 0.250"
"1"," 0.16129032"
"1","    0"
"1"," 0.084362140"
"1"," 0.6066296"
"1"," 0.31513903"
"1"," 0.388391274"
"1"," 0.13043478"
"1"," 0.179389313"
"1"," 0.68085106"
"1"," 1.000000000"
"1"," 0.098233996"
"1","
83 "
"1"," 3.402275e-04"
"1"," 0.250"
"1"," 0.16129032"
"1","    0"
"1"," 0.084362140"
"1"," 0.5251964"
"1"," 0.30175077"
"1"," 0.388391274"
"1"," 0.13043478"
"1"," 0.179389313"
"1"," 0.68085106"
"1"," 1.000000000"
"1"," 0.137693157"
"1","
84 "
"1"," 3.280886e-04"
"1"," 0.250"
"1"," 0.16129032"
"1","    0"
"1"," 0.084362140"
"1"," 0.4993294"
"1"," 0.45108136"
"1"," 0.388391274"
"1"," 0.13043478"
"1"," 0.179389313"
"1"," 0.68085106"
"1"," 0.984215039"
"1"," 0.159492274"
"1","
85 "
"1"," 4.975841e-04"
"1"," 0.000"
"1"," 0.14772727"
"1","    0"
"1"," 0.131687243"
"1"," 0.5418663"
"1"," 0.46446962"
"1"," 0.331893534"
"1"," 0.08695652"
"1"," 0.114503817"
"1"," 0.62765957"
"1"," 1.000000000"
"1"," 0.217715232"
"1","
86 "
"1"," 5.735649e-04"
"1"," 0.000"
"1"," 0.14772727"
"1","    0"
"1"," 0.131687243"
"1"," 0.5880437"
"1"," 0.54788877"
"1"," 0.300821141"
"1"," 0.08695652"
"1"," 0.114503817"
"1"," 0.62765957"
"1"," 0.988400827"
"1"," 0.132450331"
"1","
87 "
"1"," 5.120834e-04"
"1"," 0.000"
"1"," 0.14772727"
"1","    0"
"1"," 0.131687243"
"1"," 0.4702050"
"1"," 0.43460350"
"1"," 0.299866326"
"1"," 0.08695652"
"1"," 0.114503817"
"1"," 0.62765957"
"1"," 0.997705381"
"1"," 0.307119205"
"1","
88 "
"1"," 7.327199e-04"
"1"," 0.000"
"1"," 0.14772727"
"1","    0"
"1"," 0.131687243"
"1"," 0.4905154"
"1"," 0.55509784"
"1"," 0.238067092"
"1"," 0.08695652"
"1"," 0.114503817"
"1"," 0.62765957"
"1"," 0.995587271"
"1"," 0.185154525"
"1","
89 "
"1"," 5.651351e-04"
"1"," 0.000"
"1"," 0.10813783"
"1","    0"
"1"," 0.213991770"
"1"," 0.6602797"
"1"," 0.85890834"
"1"," 0.208431467"
"1"," 0.04347826"
"1"," 0.158396947"
"1"," 0.55319149"
"1"," 1.000000000"
"1"," 0.104028698"
"1","
90 "
"1"," 5.248967e-04"
"1"," 0.000"
"1"," 0.10813783"
"1","    0"
"1"," 0.213991770"
"1"," 0.6740755"
"1"," 0.61997940"
"1"," 0.207776737"
"1"," 0.04347826"
"1"," 0.158396947"
"1"," 0.55319149"
"1"," 0.997881890"
"1"," 0.109547461"
"1","
91 "
"1"," 4.554350e-04"
"1"," 0.000"
"1"," 0.10813783"
"1","    0"
"1"," 0.213991770"
"1"," 0.5472313"
"1"," 0.65087539"
"1"," 0.178477571"
"1"," 0.04347826"
"1"," 0.158396947"
"1"," 0.55319149"
"1"," 0.988098240"
"1"," 0.195364238"
"1","
92 "
"1"," 3.709120e-04"
"1"," 0.000"
"1"," 0.10813783"
"1","    0"
"1"," 0.213991770"
"1"," 0.5449320"
"1"," 0.73120494"
"1"," 0.178459384"
"1"," 0.04347826"
"1"," 0.158396947"
"1"," 0.55319149"
"1"," 0.991552776"
"1"," 0.178532009"
"1","
93 "
"1"," 4.013718e-04"
"1"," 0.280"
"1"," 0.53445748"
"1","    0"
"1"," 0.162551440"
"1"," 0.5520215"
"1"," 0.52214212"
"1"," 0.230637725"
"1"," 0.13043478"
"1"," 0.158396947"
"1"," 0.59574468"
"1"," 0.995234253"
"1"," 0.177428256"
"1","
94 "
"1"," 2.521078e-04"
"1"," 0.280"
"1"," 0.53445748"
"1","    0"
"1"," 0.162551440"
"1"," 0.5077601"
"1"," 0.26776519"
"1"," 0.230637725"
"1"," 0.13043478"
"1"," 0.158396947"
"1"," 0.59574468"
"1"," 0.998562711"
"1"," 0.123620309"
"1","
95 "
"1"," 4.116000e-04"
"1"," 0.280"
"1"," 0.53445748"
"1","    0"
"1"," 0.162551440"
"1"," 0.5150412"
"1"," 0.76622039"
"1"," 0.226009148"
"1"," 0.13043478"
"1"," 0.158396947"
"1"," 0.59574468"
"1"," 1.000000000"
"1"," 0.244481236"
"1","
96 "
"1"," 1.300665e-03"
"1"," 0.000"
"1"," 0.08907625"
"1","    0"
"1"," 0.123456790"
"1"," 0.5870856"
"1"," 0.56539650"
"1"," 0.215115169"
"1"," 0.04347826"
"1"," 0.169847328"
"1"," 0.57446809"
"1"," 0.901860911"
"1"," 0.135761589"
"1","
97 "
"1"," 1.221987e-03"
"1"," 0.000"
"1"," 0.08907625"
"1","    0"
"1"," 0.123456790"
"1"," 0.4985629"
"1"," 0.68692070"
"1"," 0.215115169"
"1"," 0.04347826"
"1"," 0.169847328"
"1"," 0.57446809"
"1"," 0.987215694"
"1"," 0.265176600"
"1","
98 "
"1"," 1.287065e-03"
"1"," 0.000"
"1"," 0.08907625"
"1","    0"
"1"," 0.123456790"
"1"," 0.8637670"
"1"," 0.75283213"
"1"," 0.215115169"
"1"," 0.04347826"
"1"," 0.169847328"
"1"," 0.57446809"
"1"," 1.000000000"
"1"," 0.068432671"
"1","
99 "
"1"," 8.491638e-04"
"1"," 0.000"
"1"," 0.08907625"
"1","    0"
"1"," 0.123456790"
"1"," 0.8160567"
"1"," 0.35015448"
"1"," 0.215115169"
"1"," 0.04347826"
"1"," 0.169847328"
"1"," 0.57446809"
"1"," 0.991502345"
"1"," 0.050772627"
"1","
101"
"1"," 1.599867e-03"
"1"," 0.000"
"1"," 0.29692082"
"1","    0"
"1"," 0.277777778"
"1"," 0.6066296"
"1"," 0.79299691"
"1"," 0.149878602"
"1"," 0.17391304"
"1"," 0.375954198"
"1"," 0.88297872"
"1"," 0.994603863"
"1"," 0.212196468"
"1","
102"
"1"," 1.213894e-03"
"1"," 0.000"
"1"," 0.29692082"
"1","    0"
"1"," 0.277777778"
"1"," 0.6169764"
"1"," 0.70442842"
"1"," 0.156998791"
"1"," 0.17391304"
"1"," 0.375954198"
"1"," 0.88297872"
"1"," 0.996671542"
"1"," 0.163907285"
"1","
"
"1"," [ reached getOption(""max.print"") -- omitted 291 rows ]
"
"1","
"
"1","$model.list
"
"1","$model.list$response
"
"1","[1]"
"1"," ""medv"""
"1","
"
"1","
"
"1","$model.list$variables
"
"1"," [1]"
"1"," ""crim""   "
"1"," ""zn""     "
"1"," ""indus""  "
"1"," ""chas""   "
"1"," ""nox""    "
"1"," ""rm""     "
"1"," ""age""    "
"1"," ""dis""    "
"1"," ""rad""    "
"1"," ""tax""    "
"1"," ""ptratio"""
"1"," ""black""  "
"1"," ""lstat""  "
"1","
"
"1","
"
"1","
"
"1","$err.fct
"
"1","function (x, y) 
"
"1","{
"
"1","    1/2 * (y - x)^2
"
"1","}
"
"1","<bytecode: 0x000001aed3109748>
"
"1","<environment: 0x000001aed30ff320>
"
"1","attr(,""type"")"
"1","
"
"1","[1]"
"1"," ""sse"""
"1","
"
"1","
"
"1","$act.fct
"
"1","function (x) 
"
"1","{
"
"1","    1/(1 + exp(-x))
"
"1","}
"
"1","<bytecode: 0x000001aed3131490>
"
"1","<environment: 0x000001aed3131dc0>
"
"1","attr(,""type"")"
"1","
"
"1","[1]"
"1"," ""logistic"""
"1","
"
"1","
"
"1","$linear.output
"
"1","[1]"
"1"," TRUE"
"1","
"
"1","
"
"1","$data
"
"1","  "
"1","         crim"
"1","    zn"
"1","      indus"
"1"," chas"
"1","        nox"
"1","        rm"
"1","        age"
"1","       dis"
"1","        rad"
"1","        tax"
"1","   ptratio"
"1","     black"
"1","       lstat"
"1","      medv"
"1","
1 "
"1"," 0.000000e+00"
"1"," 0.180"
"1"," 0.06781525"
"1","    0"
"1"," 0.31481481"
"1"," 0.5775053"
"1"," 0.64160659"
"1"," 0.2692031"
"1"," 0.00000000"
"1"," 0.20801527"
"1"," 0.2872340"
"1"," 1.0000000"
"1"," 0.089679912"
"1"," 0.4222222"
"1","
3 "
"1"," 2.356977e-04"
"1"," 0.000"
"1"," 0.24230205"
"1","    0"
"1"," 0.17283951"
"1"," 0.6943859"
"1"," 0.59938208"
"1"," 0.3489620"
"1"," 0.04347826"
"1"," 0.10496183"
"1"," 0.5531915"
"1"," 0.9897373"
"1"," 0.063465784"
"1"," 0.6600000"
"1","
4 "
"1"," 2.927957e-04"
"1"," 0.000"
"1"," 0.06304985"
"1","    0"
"1"," 0.15020576"
"1"," 0.6585553"
"1"," 0.44181256"
"1"," 0.4485446"
"1"," 0.08695652"
"1"," 0.06679389"
"1"," 0.6489362"
"1"," 0.9942761"
"1"," 0.033388521"
"1"," 0.6311111"
"1","
6 "
"1"," 2.644715e-04"
"1"," 0.000"
"1"," 0.06304985"
"1","    0"
"1"," 0.15020576"
"1"," 0.5497222"
"1"," 0.57466529"
"1"," 0.4485446"
"1"," 0.08695652"
"1"," 0.06679389"
"1"," 0.6489362"
"1"," 0.9929901"
"1"," 0.096026490"
"1"," 0.5266667"
"1","
7 "
"1"," 9.213230e-04"
"1"," 0.125"
"1"," 0.27162757"
"1","    0"
"1"," 0.28600823"
"1"," 0.4696302"
"1"," 0.65602472"
"1"," 0.4029226"
"1"," 0.17391304"
"1"," 0.23664122"
"1"," 0.2765957"
"1"," 0.9967220"
"1"," 0.295253863"
"1"," 0.3977778"
"1","
8 "
"1"," 1.553672e-03"
"1"," 0.125"
"1"," 0.27162757"
"1","    0"
"1"," 0.28600823"
"1"," 0.5002874"
"1"," 0.95983522"
"1"," 0.4383872"
"1"," 0.17391304"
"1"," 0.23664122"
"1"," 0.2765957"
"1"," 1.0000000"
"1"," 0.480684327"
"1"," 0.4911111"
"1","
10"
"1"," 1.840173e-03"
"1"," 0.125"
"1"," 0.27162757"
"1","    0"
"1"," 0.28600823"
"1"," 0.4680973"
"1"," 0.85478888"
"1"," 0.4967309"
"1"," 0.17391304"
"1"," 0.23664122"
"1"," 0.2765957"
"1"," 0.9743053"
"1"," 0.424116998"
"1"," 0.3088889"
"1","
11"
"1"," 2.456674e-03"
"1"," 0.125"
"1"," 0.27162757"
"1","    0"
"1"," 0.28600823"
"1"," 0.5395670"
"1"," 0.94129763"
"1"," 0.4744155"
"1"," 0.17391304"
"1"," 0.23664122"
"1"," 0.2765957"
"1"," 0.9889556"
"1"," 0.516556291"
"1"," 0.2222222"
"1","
13"
"1"," 9.830293e-04"
"1"," 0.125"
"1"," 0.27162757"
"1","    0"
"1"," 0.28600823"
"1"," 0.4460625"
"1"," 0.37178167"
"1"," 0.3929562"
"1"," 0.17391304"
"1"," 0.23664122"
"1"," 0.2765957"
"1"," 0.9838620"
"1"," 0.385761589"
"1"," 0.3711111"
"1","
14"
"1"," 7.007315e-03"
"1"," 0.000"
"1"," 0.28152493"
"1","    0"
"1"," 0.31481481"
"1"," 0.4575589"
"1"," 0.60659114"
"1"," 0.3253553"
"1"," 0.13043478"
"1"," 0.22900763"
"1"," 0.8936170"
"1"," 1.0000000"
"1"," 0.180187638"
"1"," 0.3422222"
"1","
15"
"1"," 7.099481e-03"
"1"," 0.000"
"1"," 0.28152493"
"1","    0"
"1"," 0.31481481"
"1"," 0.4857252"
"1"," 0.84037075"
"1"," 0.3030218"
"1"," 0.13043478"
"1"," 0.22900763"
"1"," 0.8936170"
"1"," 0.9574361"
"1"," 0.235375276"
"1"," 0.2933333"
"1","
16"
"1"," 6.980677e-03"
"1"," 0.000"
"1"," 0.28152493"
"1","    0"
"1"," 0.31481481"
"1"," 0.4355240"
"1"," 0.55200824"
"1"," 0.3063591"
"1"," 0.13043478"
"1"," 0.22900763"
"1"," 0.8936170"
"1"," 0.9967724"
"1"," 0.185982340"
"1"," 0.3311111"
"1","
17"
"1"," 1.177488e-02"
"1"," 0.000"
"1"," 0.28152493"
"1","    0"
"1"," 0.31481481"
"1"," 0.4548764"
"1"," 0.27188465"
"1"," 0.3063591"
"1"," 0.13043478"
"1"," 0.22900763"
"1"," 0.8936170"
"1"," 0.9746583"
"1"," 0.133830022"
"1"," 0.4022222"
"1","
18"
"1"," 8.743184e-03"
"1"," 0.000"
"1"," 0.28152493"
"1","    0"
"1"," 0.31481481"
"1"," 0.4654148"
"1"," 0.81153450"
"1"," 0.2844711"
"1"," 0.13043478"
"1"," 0.22900763"
"1"," 0.8936170"
"1"," 0.9744062"
"1"," 0.357064018"
"1"," 0.2777778"
"1","
20"
"1"," 8.086782e-03"
"1"," 0.000"
"1"," 0.28152493"
"1","    0"
"1"," 0.31481481"
"1"," 0.4150220"
"1"," 0.68589083"
"1"," 0.2425138"
"1"," 0.13043478"
"1"," 0.22900763"
"1"," 0.8936170"
"1"," 0.9849967"
"1"," 0.263520971"
"1"," 0.2933333"
"1","
21"
"1"," 1.399878e-02"
"1"," 0.000"
"1"," 0.28152493"
"1","    0"
"1"," 0.31481481"
"1"," 0.3849396"
"1"," 0.98043254"
"1"," 0.2426411"
"1"," 0.13043478"
"1"," 0.22900763"
"1"," 0.8936170"
"1"," 0.9487367"
"1"," 0.532284768"
"1"," 0.1911111"
"1","
22"
"1"," 9.505689e-03"
"1"," 0.000"
"1"," 0.28152493"
"1","    0"
"1"," 0.31481481"
"1"," 0.4606246"
"1"," 0.88877446"
"1"," 0.2621375"
"1"," 0.13043478"
"1"," 0.22900763"
"1"," 0.8936170"
"1"," 0.9889808"
"1"," 0.333885210"
"1"," 0.3244444"
"1","
24"
"1"," 1.103868e-02"
"1"," 0.000"
"1"," 0.28152493"
"1","    0"
"1"," 0.31481481"
"1"," 0.4315003"
"1"," 1.00000000"
"1"," 0.2696760"
"1"," 0.13043478"
"1"," 0.22900763"
"1"," 0.8936170"
"1"," 0.9940491"
"1"," 0.500827815"
"1"," 0.2111111"
"1","
25"
"1"," 8.361706e-03"
"1"," 0.000"
"1"," 0.28152493"
"1","    0"
"1"," 0.31481481"
"1"," 0.4527687"
"1"," 0.93923790"
"1"," 0.2973565"
"1"," 0.13043478"
"1"," 0.22900763"
"1"," 0.8936170"
"1"," 0.9935196"
"1"," 0.402041943"
"1"," 0.2355556"
"1","
28"
"1"," 1.067159e-02"
"1"," 0.000"
"1"," 0.28152493"
"1","    0"
"1"," 0.31481481"
"1"," 0.4763365"
"1"," 0.88465499"
"1"," 0.3022488"
"1"," 0.13043478"
"1"," 0.22900763"
"1"," 0.8936170"
"1"," 0.7717484"
"1"," 0.429083885"
"1"," 0.2177778"
"1","
29"
"1"," 8.617186e-03"
"1"," 0.000"
"1"," 0.28152493"
"1","    0"
"1"," 0.31481481"
"1"," 0.5621767"
"1"," 0.94232750"
"1"," 0.3023670"
"1"," 0.13043478"
"1"," 0.22900763"
"1"," 0.8936170"
"1"," 0.9774068"
"1"," 0.305463576"
"1"," 0.2977778"
"1","
30"
"1"," 1.119626e-02"
"1"," 0.000"
"1"," 0.28152493"
"1","    0"
"1"," 0.31481481"
"1"," 0.5964744"
"1"," 0.86920700"
"1"," 0.2827524"
"1"," 0.13043478"
"1"," 0.22900763"
"1"," 0.8936170"
"1"," 0.9579656"
"1"," 0.282836645"
"1"," 0.3555556"
"1","
31"
"1"," 1.263900e-02"
"1"," 0.000"
"1"," 0.28152493"
"1","    0"
"1"," 0.31481481"
"1"," 0.4123395"
"1"," 0.93923790"
"1"," 0.2822068"
"1"," 0.13043478"
"1"," 0.22900763"
"1"," 0.8936170"
"1"," 0.9073831"
"1"," 0.575883002"
"1"," 0.1711111"
"1","
32"
"1"," 1.515569e-02"
"1"," 0.000"
"1"," 0.28152493"
"1","    0"
"1"," 0.31481481"
"1"," 0.4811267"
"1"," 1.00000000"
"1"," 0.2769326"
"1"," 0.13043478"
"1"," 0.22900763"
"1"," 0.8936170"
"1"," 0.9491401"
"1"," 0.312086093"
"1"," 0.2111111"
"1","
33"
"1"," 1.552964e-02"
"1"," 0.000"
"1"," 0.28152493"
"1","    0"
"1"," 0.31481481"
"1"," 0.4577505"
"1"," 0.81462410"
"1"," 0.2601097"
"1"," 0.13043478"
"1"," 0.22900763"
"1"," 0.8936170"
"1"," 0.5857078"
"1"," 0.716887417"
"1"," 0.1822222"
"1","
36"
"1"," 6.502201e-04"
"1"," 0.000"
"1"," 0.20161290"
"1","    0"
"1"," 0.23456790"
"1"," 0.4544932"
"1"," 0.67250257"
"1"," 0.2028481"
"1"," 0.17391304"
"1"," 0.17557252"
"1"," 0.7021277"
"1"," 1.0000000"
"1"," 0.219370861"
"1"," 0.3088889"
"1","
39"
"1"," 1.896485e-03"
"1"," 0.000"
"1"," 0.20161290"
"1","    0"
"1"," 0.23456790"
"1"," 0.4608162"
"1"," 0.28115345"
"1"," 0.2471333"
"1"," 0.17391304"
"1"," 0.17557252"
"1"," 0.7021277"
"1"," 0.9912502"
"1"," 0.231788079"
"1"," 0.4377778"
"1","
40"
"1"," 2.395193e-04"
"1"," 0.750"
"1"," 0.09127566"
"1","    0"
"1"," 0.08847737"
"1"," 0.5813374"
"1"," 0.19464470"
"1"," 0.3884276"
"1"," 0.08695652"
"1"," 0.12404580"
"1"," 0.6063830"
"1"," 0.9967976"
"1"," 0.071467991"
"1"," 0.5733333"
"1","
41"
"1"," 3.065082e-04"
"1"," 0.750"
"1"," 0.09127566"
"1","    0"
"1"," 0.08847737"
"1"," 0.6635371"
"1"," 0.13285273"
"1"," 0.3884276"
"1"," 0.08695652"
"1"," 0.12404580"
"1"," 0.6063830"
"1"," 0.9967724"
"1"," 0.006898455"
"1"," 0.6644444"
"1","
42"
"1"," 1.361360e-03"
"1"," 0.000"
"1"," 0.23643695"
"1","    0"
"1"," 0.12962963"
"1"," 0.6148687"
"1"," 0.00000000"
"1"," 0.4175086"
"1"," 0.08695652"
"1"," 0.08778626"
"1"," 0.5638298"
"1"," 0.9710273"
"1"," 0.085816777"
"1"," 0.4800000"
"1","
43"
"1"," 1.519391e-03"
"1"," 0.000"
"1"," 0.23643695"
"1","    0"
"1"," 0.12962963"
"1"," 0.4997126"
"1"," 0.03810505"
"1"," 0.4175086"
"1"," 0.08695652"
"1"," 0.08778626"
"1"," 0.5638298"
"1"," 0.9658833"
"1"," 0.112582781"
"1"," 0.4511111"
"1","
44"
"1"," 1.720133e-03"
"1"," 0.000"
"1"," 0.23643695"
"1","    0"
"1"," 0.12962963"
"1"," 0.5077601"
"1"," 0.03707518"
"1"," 0.4175086"
"1"," 0.08695652"
"1"," 0.08778626"
"1"," 0.5638298"
"1"," 0.9938474"
"1"," 0.157560706"
"1"," 0.4377778"
"1","
46"
"1"," 1.855684e-03"
"1"," 0.000"
"1"," 0.23643695"
"1","    0"
"1"," 0.12962963"
"1"," 0.4063997"
"1"," 0.31822863"
"1"," 0.3610836"
"1"," 0.08695652"
"1"," 0.08778626"
"1"," 0.5638298"
"1"," 1.0000000"
"1"," 0.233995585"
"1"," 0.3177778"
"1","
47"
"1"," 2.046086e-03"
"1"," 0.000"
"1"," 0.23643695"
"1","    0"
"1"," 0.12962963"
"1"," 0.4263269"
"1"," 0.31307930"
"1"," 0.3610836"
"1"," 0.08695652"
"1"," 0.08778626"
"1"," 0.5638298"
"1"," 1.0000000"
"1"," 0.342715232"
"1"," 0.3333333"
"1","
48"
"1"," 2.505904e-03"
"1"," 0.000"
"1"," 0.23643695"
"1","    0"
"1"," 0.12962963"
"1"," 0.4730791"
"1"," 0.85066941"
"1"," 0.4146441"
"1"," 0.08695652"
"1"," 0.08778626"
"1"," 0.5638298"
"1"," 0.9895103"
"1"," 0.471026490"
"1"," 0.2577778"
"1","
49"
"1"," 2.782402e-03"
"1"," 0.000"
"1"," 0.23643695"
"1","    0"
"1"," 0.12962963"
"1"," 0.3521747"
"1"," 0.95159629"
"1"," 0.4310669"
"1"," 0.08695652"
"1"," 0.08778626"
"1"," 0.5638298"
"1"," 1.0000000"
"1"," 0.802428256"
"1"," 0.2088889"
"1","
55"
"1"," 8.182544e-05"
"1"," 0.750"
"1"," 0.12976540"
"1","    0"
"1"," 0.05144033"
"1"," 0.4458709"
"1"," 0.46035015"
"1"," 0.5628950"
"1"," 0.08695652"
"1"," 0.53816794"
"1"," 0.9042553"
"1"," 1.0000000"
"1"," 0.360651214"
"1"," 0.3088889"
"1","
59"
"1"," 1.664945e-03"
"1"," 0.250"
"1"," 0.17118768"
"1","    0"
"1"," 0.13991770"
"1"," 0.4951140"
"1"," 0.27085479"
"1"," 0.6079168"
"1"," 0.30434783"
"1"," 0.18511450"
"1"," 0.7553191"
"1"," 0.9843159"
"1"," 0.141556291"
"1"," 0.4066667"
"1","
60"
"1"," 1.089807e-03"
"1"," 0.250"
"1"," 0.17118768"
"1","    0"
"1"," 0.13991770"
"1"," 0.4533436"
"1"," 0.45623069"
"1"," 0.5276396"
"1"," 0.30434783"
"1"," 0.18511450"
"1"," 0.7553191"
"1"," 1.0000000"
"1"," 0.206677704"
"1"," 0.3244444"
"1","
61"
"1"," 1.607286e-03"
"1"," 0.250"
"1"," 0.17118768"
"1","    0"
"1"," 0.13991770"
"1"," 0.4177045"
"1"," 0.65190525"
"1"," 0.5543199"
"1"," 0.30434783"
"1"," 0.18511450"
"1"," 0.7553191"
"1"," 0.9954864"
"1"," 0.315121413"
"1"," 0.3044444"
"1","
62"
"1"," 1.858944e-03"
"1"," 0.250"
"1"," 0.17118768"
"1","    0"
"1"," 0.13991770"
"1"," 0.4608162"
"1"," 0.93202884"
"1"," 0.5173185"
"1"," 0.30434783"
"1"," 0.18511450"
"1"," 0.7553191"
"1"," 0.9525443"
"1"," 0.350717439"
"1"," 0.2444444"
"1","
63"
"1"," 1.168373e-03"
"1"," 0.250"
"1"," 0.17118768"
"1","    0"
"1"," 0.13991770"
"1"," 0.5547040"
"1"," 0.66838311"
"1"," 0.5543289"
"1"," 0.30434783"
"1"," 0.18511450"
"1"," 0.7553191"
"1"," 1.0000000"
"1"," 0.137969095"
"1"," 0.3822222"
"1","
64"
"1"," 1.350794e-03"
"1"," 0.250"
"1"," 0.17118768"
"1","    0"
"1"," 0.13991770"
"1"," 0.6133359"
"1"," 0.41709578"
"1"," 0.6230210"
"1"," 0.30434783"
"1"," 0.18511450"
"1"," 0.7553191"
"1"," 0.9966715"
"1"," 0.214403974"
"1"," 0.4444444"
"1","
65"
"1"," 1.482524e-04"
"1"," 0.175"
"1"," 0.03372434"
"1","    0"
"1"," 0.06399177"
"1"," 0.6788657"
"1"," 0.58290422"
"1"," 0.7359620"
"1"," 0.08695652"
"1"," 0.05534351"
"1"," 0.6382979"
"1"," 0.9907711"
"1"," 0.174392936"
"1"," 0.6222222"
"1","
66"
"1"," 3.317977e-04"
"1"," 0.800"
"1"," 0.10667155"
"1","    0"
"1"," 0.02674897"
"1"," 0.5228971"
"1"," 0.15345005"
"1"," 0.4984950"
"1"," 0.13043478"
"1"," 0.28625954"
"1"," 0.3723404"
"1"," 1.0000000"
"1"," 0.081125828"
"1"," 0.4111111"
"1","
67"
"1"," 4.211538e-04"
"1"," 0.800"
"1"," 0.10667155"
"1","    0"
"1"," 0.02674897"
"1"," 0.4265185"
"1"," 0.29042225"
"1"," 0.4984950"
"1"," 0.13043478"
"1"," 0.28625954"
"1"," 0.3723404"
"1"," 1.0000000"
"1"," 0.234823400"
"1"," 0.3200000"
"1","
68"
"1"," 5.796344e-04"
"1"," 0.125"
"1"," 0.20564516"
"1","    0"
"1"," 0.04938272"
"1"," 0.4439548"
"1"," 0.19052523"
"1"," 0.4881739"
"1"," 0.13043478"
"1"," 0.30152672"
"1"," 0.6702128"
"1"," 0.9982601"
"1"," 0.175772627"
"1"," 0.3777778"
"1","
69"
"1"," 1.452402e-03"
"1"," 0.125"
"1"," 0.20564516"
"1","    0"
"1"," 0.04938272"
"1"," 0.3895382"
"1"," 0.34912461"
"1"," 0.4881739"
"1"," 0.13043478"
"1"," 0.30152672"
"1"," 0.6702128"
"1"," 1.0000000"
"1"," 0.313465784"
"1"," 0.2755556"
"1","
71"
"1"," 9.209858e-04"
"1"," 0.000"
"1"," 0.37939883"
"1","    0"
"1"," 0.05761317"
"1"," 0.5472313"
"1"," 0.03810505"
"1"," 0.3780793"
"1"," 0.13043478"
"1"," 0.22519084"
"1"," 0.7021277"
"1"," 0.9667911"
"1"," 0.137693157"
"1"," 0.4266667"
"1","
72"
"1"," 1.713389e-03"
"1"," 0.000"
"1"," 0.37939883"
"1","    0"
"1"," 0.05761317"
"1"," 0.4598582"
"1"," 0.15036045"
"1"," 0.3780793"
"1"," 0.13043478"
"1"," 0.22519084"
"1"," 0.7021277"
"1"," 0.9496697"
"1"," 0.224889625"
"1"," 0.3711111"
"1","
73"
"1"," 9.589762e-04"
"1"," 0.000"
"1"," 0.37939883"
"1","    0"
"1"," 0.05761317"
"1"," 0.4797854"
"1"," 0.05046344"
"1"," 0.3780793"
"1"," 0.13043478"
"1"," 0.22519084"
"1"," 0.7021277"
"1"," 0.9848959"
"1"," 0.104580574"
"1"," 0.3955556"
"1","
74"
"1"," 2.125101e-03"
"1"," 0.000"
"1"," 0.37939883"
"1","    0"
"1"," 0.05761317"
"1"," 0.5142748"
"1"," 0.03398558"
"1"," 0.3780793"
"1"," 0.13043478"
"1"," 0.22519084"
"1"," 0.7021277"
"1"," 0.9502496"
"1"," 0.160320088"
"1"," 0.4088889"
"1","
76"
"1"," 9.980906e-04"
"1"," 0.000"
"1"," 0.45344575"
"1","    0"
"1"," 0.10699588"
"1"," 0.5221307"
"1"," 0.43357364"
"1"," 0.3067228"
"1"," 0.17391304"
"1"," 0.40267176"
"1"," 0.6489362"
"1"," 0.9655303"
"1"," 0.198951435"
"1"," 0.3644444"
"1","
77"
"1"," 1.070137e-03"
"1"," 0.000"
"1"," 0.45344575"
"1","    0"
"1"," 0.10699588"
"1"," 0.5207894"
"1"," 0.73738414"
"1"," 0.2657658"
"1"," 0.17391304"
"1"," 0.40267176"
"1"," 0.6489362"
"1"," 0.9413990"
"1"," 0.282560706"
"1"," 0.3333333"
"1","
78"
"1"," 9.076105e-04"
"1"," 0.000"
"1"," 0.45344575"
"1","    0"
"1"," 0.10699588"
"1"," 0.4941560"
"1"," 0.44181256"
"1"," 0.2692486"
"1"," 0.17391304"
"1"," 0.40267176"
"1"," 0.6489362"
"1"," 0.9749357"
"1"," 0.235651214"
"1"," 0.3511111"
"1","
79"
"1"," 5.635615e-04"
"1"," 0.000"
"1"," 0.45344575"
"1","    0"
"1"," 0.10699588"
"1"," 0.5117839"
"1"," 0.52317199"
"1"," 0.3532359"
"1"," 0.17391304"
"1"," 0.40267176"
"1"," 0.6489362"
"1"," 0.9735236"
"1"," 0.292770419"
"1"," 0.3600000"
"1","
81"
"1"," 3.912560e-04"
"1"," 0.250"
"1"," 0.16129032"
"1","    0"
"1"," 0.08436214"
"1"," 0.6066296"
"1"," 0.31513903"
"1"," 0.3883913"
"1"," 0.13043478"
"1"," 0.17938931"
"1"," 0.6808511"
"1"," 1.0000000"
"1"," 0.098233996"
"1"," 0.5111111"
"1","
83"
"1"," 3.402275e-04"
"1"," 0.250"
"1"," 0.16129032"
"1","    0"
"1"," 0.08436214"
"1"," 0.5251964"
"1"," 0.30175077"
"1"," 0.3883913"
"1"," 0.13043478"
"1"," 0.17938931"
"1"," 0.6808511"
"1"," 1.0000000"
"1"," 0.137693157"
"1"," 0.4400000"
"1","
84"
"1"," 3.280886e-04"
"1"," 0.250"
"1"," 0.16129032"
"1","    0"
"1"," 0.08436214"
"1"," 0.4993294"
"1"," 0.45108136"
"1"," 0.3883913"
"1"," 0.13043478"
"1"," 0.17938931"
"1"," 0.6808511"
"1"," 0.9842150"
"1"," 0.159492274"
"1"," 0.3977778"
"1","
85"
"1"," 4.975841e-04"
"1"," 0.000"
"1"," 0.14772727"
"1","    0"
"1"," 0.13168724"
"1"," 0.5418663"
"1"," 0.46446962"
"1"," 0.3318935"
"1"," 0.08695652"
"1"," 0.11450382"
"1"," 0.6276596"
"1"," 1.0000000"
"1"," 0.217715232"
"1"," 0.4200000"
"1","
86"
"1"," 5.735649e-04"
"1"," 0.000"
"1"," 0.14772727"
"1","    0"
"1"," 0.13168724"
"1"," 0.5880437"
"1"," 0.54788877"
"1"," 0.3008211"
"1"," 0.08695652"
"1"," 0.11450382"
"1"," 0.6276596"
"1"," 0.9884008"
"1"," 0.132450331"
"1"," 0.4800000"
"1","
87"
"1"," 5.120834e-04"
"1"," 0.000"
"1"," 0.14772727"
"1","    0"
"1"," 0.13168724"
"1"," 0.4702050"
"1"," 0.43460350"
"1"," 0.2998663"
"1"," 0.08695652"
"1"," 0.11450382"
"1"," 0.6276596"
"1"," 0.9977054"
"1"," 0.307119205"
"1"," 0.3888889"
"1","
88"
"1"," 7.327199e-04"
"1"," 0.000"
"1"," 0.14772727"
"1","    0"
"1"," 0.13168724"
"1"," 0.4905154"
"1"," 0.55509784"
"1"," 0.2380671"
"1"," 0.08695652"
"1"," 0.11450382"
"1"," 0.6276596"
"1"," 0.9955873"
"1"," 0.185154525"
"1"," 0.3822222"
"1","
89"
"1"," 5.651351e-04"
"1"," 0.000"
"1"," 0.10813783"
"1","    0"
"1"," 0.21399177"
"1"," 0.6602797"
"1"," 0.85890834"
"1"," 0.2084315"
"1"," 0.04347826"
"1"," 0.15839695"
"1"," 0.5531915"
"1"," 1.0000000"
"1"," 0.104028698"
"1"," 0.4133333"
"1","
90"
"1"," 5.248967e-04"
"1"," 0.000"
"1"," 0.10813783"
"1","    0"
"1"," 0.21399177"
"1"," 0.6740755"
"1"," 0.61997940"
"1"," 0.2077767"
"1"," 0.04347826"
"1"," 0.15839695"
"1"," 0.5531915"
"1"," 0.9978819"
"1"," 0.109547461"
"1"," 0.5266667"
"1","
91"
"1"," 4.554350e-04"
"1"," 0.000"
"1"," 0.10813783"
"1","    0"
"1"," 0.21399177"
"1"," 0.5472313"
"1"," 0.65087539"
"1"," 0.1784776"
"1"," 0.04347826"
"1"," 0.15839695"
"1"," 0.5531915"
"1"," 0.9880982"
"1"," 0.195364238"
"1"," 0.3911111"
"1","
92"
"1"," 3.709120e-04"
"1"," 0.000"
"1"," 0.10813783"
"1","    0"
"1"," 0.21399177"
"1"," 0.5449320"
"1"," 0.73120494"
"1"," 0.1784594"
"1"," 0.04347826"
"1"," 0.15839695"
"1"," 0.5531915"
"1"," 0.9915528"
"1"," 0.178532009"
"1"," 0.3777778"
"1","
93"
"1"," 4.013718e-04"
"1"," 0.280"
"1"," 0.53445748"
"1","    0"
"1"," 0.16255144"
"1"," 0.5520215"
"1"," 0.52214212"
"1"," 0.2306377"
"1"," 0.13043478"
"1"," 0.15839695"
"1"," 0.5957447"
"1"," 0.9952343"
"1"," 0.177428256"
"1"," 0.3977778"
"1","
94"
"1"," 2.521078e-04"
"1"," 0.280"
"1"," 0.53445748"
"1","    0"
"1"," 0.16255144"
"1"," 0.5077601"
"1"," 0.26776519"
"1"," 0.2306377"
"1"," 0.13043478"
"1"," 0.15839695"
"1"," 0.5957447"
"1"," 0.9985627"
"1"," 0.123620309"
"1"," 0.4444444"
"1","
95"
"1"," 4.116000e-04"
"1"," 0.280"
"1"," 0.53445748"
"1","    0"
"1"," 0.16255144"
"1"," 0.5150412"
"1"," 0.76622039"
"1"," 0.2260091"
"1"," 0.13043478"
"1"," 0.15839695"
"1"," 0.5957447"
"1"," 1.0000000"
"1"," 0.244481236"
"1"," 0.3466667"
"1","
96"
"1"," 1.300665e-03"
"1"," 0.000"
"1"," 0.08907625"
"1","    0"
"1"," 0.12345679"
"1"," 0.5870856"
"1"," 0.56539650"
"1"," 0.2151152"
"1"," 0.04347826"
"1"," 0.16984733"
"1"," 0.5744681"
"1"," 0.9018609"
"1"," 0.135761589"
"1"," 0.5200000"
"1","
"
"1"," [ reached 'max' / getOption(""max.print"") -- omitted"
"1"," "
"1","296"
"1"," "
"1","rows ]
"
"1","
"
"1","$exclude
"
"1","NULL
"
"1","
"
"1","$net.result
"
"1","$net.result[[1]]
"
"1","   "
"1","       [,1]"
"1","
1  "
"1"," 0.41662697"
"1","
3  "
"1"," 0.56020732"
"1","
4  "
"1"," 0.64999637"
"1","
6  "
"1"," 0.45610987"
"1","
7  "
"1"," 0.32038915"
"1","
8  "
"1"," 0.32926786"
"1","
10 "
"1"," 0.28670792"
"1","
11 "
"1"," 0.34751940"
"1","
13 "
"1"," 0.38022328"
"1","
14 "
"1"," 0.29342650"
"1","
15 "
"1"," 0.28675628"
"1","
16 "
"1"," 0.30858050"
"1","
17 "
"1"," 0.36406191"
"1","
18 "
"1"," 0.30596012"
"1","
20 "
"1"," 0.33382648"
"1","
21 "
"1"," 0.21275193"
"1","
22 "
"1"," 0.30456922"
"1","
24 "
"1"," 0.24420172"
"1","
25 "
"1"," 0.27948170"
"1","
28 "
"1"," 0.27156219"
"1","
29 "
"1"," 0.30821785"
"1","
30 "
"1"," 0.33995390"
"1","
31 "
"1"," 0.21370814"
"1","
32 "
"1"," 0.29269899"
"1","
33 "
"1"," 0.19522802"
"1","
36 "
"1"," 0.39747015"
"1","
39 "
"1"," 0.44277700"
"1","
40 "
"1"," 0.56253797"
"1","
41 "
"1"," 0.70541034"
"1","
42 "
"1"," 0.59734333"
"1","
43 "
"1"," 0.45272249"
"1","
44 "
"1"," 0.43981120"
"1","
46 "
"1"," 0.32689655"
"1","
47 "
"1"," 0.35269985"
"1","
48 "
"1"," 0.31084912"
"1","
49 "
"1"," 0.23990461"
"1","
55 "
"1"," 0.31013027"
"1","
59 "
"1"," 0.41849732"
"1","
60 "
"1"," 0.38148214"
"1","
61 "
"1"," 0.32852508"
"1","
62 "
"1"," 0.29763857"
"1","
63 "
"1"," 0.41377155"
"1","
64 "
"1"," 0.43245785"
"1","
65 "
"1"," 0.52483050"
"1","
66 "
"1"," 0.48919222"
"1","
67 "
"1"," 0.34528467"
"1","
68 "
"1"," 0.33876109"
"1","
69 "
"1"," 0.26342687"
"1","
71 "
"1"," 0.41084420"
"1","
72 "
"1"," 0.32263650"
"1","
73 "
"1"," 0.37216389"
"1","
74 "
"1"," 0.37659740"
"1","
76 "
"1"," 0.33544721"
"1","
77 "
"1"," 0.34301767"
"1","
78 "
"1"," 0.34235046"
"1","
79 "
"1"," 0.31585450"
"1","
81 "
"1"," 0.52805856"
"1","
83 "
"1"," 0.44323007"
"1","
84 "
"1"," 0.39144102"
"1","
85 "
"1"," 0.40120507"
"1","
86 "
"1"," 0.46096735"
"1","
87 "
"1"," 0.37263714"
"1","
88 "
"1"," 0.39653835"
"1","
89 "
"1"," 0.48389596"
"1","
90 "
"1"," 0.56763383"
"1","
91 "
"1"," 0.44159132"
"1","
92 "
"1"," 0.42290496"
"1","
93 "
"1"," 0.44112933"
"1","
94 "
"1"," 0.43472407"
"1","
95 "
"1"," 0.39082001"
"1","
96 "
"1"," 0.46467701"
"1","
97 "
"1"," 0.36847374"
"1","
98 "
"1"," 0.78124594"
"1","
99 "
"1"," 0.87358821"
"1","
101"
"1"," 0.40021533"
"1","
102"
"1"," 0.41573773"
"1","
103"
"1"," 0.29213361"
"1","
104"
"1"," 0.33887769"
"1","
105"
"1"," 0.35280924"
"1","
106"
"1"," 0.31160508"
"1","
107"
"1"," 0.28855668"
"1","
109"
"1"," 0.36291014"
"1","
110"
"1"," 0.32636137"
"1","
111"
"1"," 0.40029959"
"1","
112"
"1"," 0.41234983"
"1","
114"
"1"," 0.30987675"
"1","
115"
"1"," 0.37083849"
"1","
116"
"1"," 0.31164159"
"1","
117"
"1"," 0.36888697"
"1","
119"
"1"," 0.33360265"
"1","
122"
"1"," 0.38116557"
"1","
123"
"1"," 0.33689648"
"1","
124"
"1"," 0.28427502"
"1","
125"
"1"," 0.33023238"
"1","
126"
"1"," 0.36973400"
"1","
127"
"1"," 0.26360959"
"1","
128"
"1"," 0.23813595"
"1","
129"
"1"," 0.28798568"
"1","
131"
"1"," 0.29865594"
"1","
132"
"1"," 0.28160925"
"1","
133"
"1"," 0.29572760"
"1","
136"
"1"," 0.27101566"
"1","
137"
"1"," 0.25549951"
"1","
138"
"1"," 0.29243926"
"1","
139"
"1"," 0.22970777"
"1","
140"
"1"," 0.25886565"
"1","
141"
"1"," 0.24239839"
"1","
143"
"1"," 0.16363523"
"1","
144"
"1"," 0.19518329"
"1","
145"
"1"," 0.15462486"
"1","
146"
"1"," 0.24673468"
"1","
147"
"1"," 0.25805809"
"1","
148"
"1"," 0.16369520"
"1","
149"
"1"," 0.19374109"
"1","
151"
"1"," 0.32270534"
"1","
153"
"1"," 0.22319059"
"1","
154"
"1"," 0.26756009"
"1","
155"
"1"," 0.27300210"
"1","
156"
"1"," 0.26187886"
"1","
157"
"1"," 0.23835900"
"1","
158"
"1"," 0.79714151"
"1","
160"
"1"," 0.43961757"
"1","
161"
"1"," 0.56524210"
"1","
163"
"1"," 0.93855357"
"1","
165"
"1"," 0.36486219"
"1","
167"
"1"," 0.98890831"
"1","
168"
"1"," 0.38320785"
"1","
169"
"1"," 0.42597225"
"1","
172"
"1"," 0.35166465"
"1","
173"
"1"," 0.34439827"
"1","
175"
"1"," 0.42254514"
"1","
176"
"1"," 0.60319252"
"1","
179"
"1"," 0.55635752"
"1","
180"
"1"," 0.70873948"
"1","
181"
"1"," 0.83182929"
"1","
182"
"1"," 0.53744991"
"1","
183"
"1"," 0.69057266"
"1","
184"
"1"," 0.53154640"
"1","
185"
"1"," 0.38318229"
"1","
191"
"1"," 0.55647190"
"1","
192"
"1"," 0.51085316"
"1","
193"
"1"," 0.65027683"
"1","
194"
"1"," 0.64131222"
"1","
197"
"1"," 0.72015148"
"1","
198"
"1"," 0.58122963"
"1","
199"
"1"," 0.65720810"
"1","
200"
"1"," 0.57172602"
"1","
201"
"1"," 0.60493129"
"1","
202"
"1"," 0.39996395"
"1","
203"
"1"," 0.83704991"
"1","
204"
"1"," 0.93880448"
"1","
205"
"1"," 0.99844031"
"1","
206"
"1"," 0.42133788"
"1","
208"
"1"," 0.34659100"
"1","
209"
"1"," 0.39962640"
"1","
210"
"1"," 0.29608049"
"1","
211"
"1"," 0.34238632"
"1","
212"
"1"," 0.31147548"
"1","
214"
"1"," 0.46005644"
"1","
215"
"1"," 0.38140203"
"1","
216"
"1"," 0.41499972"
"1","
220"
"1"," 0.42483416"
"1","
221"
"1"," 0.47321639"
"1","
224"
"1"," 0.49495003"
"1","
225"
"1"," 0.90637584"
"1","
226"
"1"," 0.99575518"
"1","
227"
"1"," 0.80002701"
"1","
228"
"1"," 0.58494907"
"1","
229"
"1"," 0.87986855"
"1","
230"
"1"," 0.60610189"
"1","
231"
"1"," 0.42513936"
"1","
232"
"1"," 0.61570993"
"1","
233"
"1"," 0.87193371"
"1","
234"
"1"," 0.85440098"
"1","
237"
"1"," 0.43934283"
"1","
240"
"1"," 0.44716567"
"1","
242"
"1"," 0.30164123"
"1","
243"
"1"," 0.33738036"
"1","
244"
"1"," 0.48419357"
"1","
245"
"1"," 0.25721895"
"1","
247"
"1"," 0.35168950"
"1","
248"
"1"," 0.31326541"
"1","
250"
"1"," 0.45994430"
"1","
251"
"1"," 0.45521626"
"1","
252"
"1"," 0.47961171"
"1","
253"
"1"," 0.54030148"
"1","
254"
"1"," 0.80955365"
"1","
255"
"1"," 0.36668553"
"1","
256"
"1"," 0.32791426"
"1","
257"
"1"," 0.78372227"
"1","
258"
"1"," 1.01201148"
"1","
259"
"1"," 0.70496454"
"1","
261"
"1"," 0.69051791"
"1","
262"
"1"," 0.77916266"
"1","
263"
"1"," 0.95075041"
"1","
264"
"1"," 0.65246073"
"1","
265"
"1"," 0.69362510"
"1","
267"
"1"," 0.54905460"
"1","
268"
"1"," 0.99399453"
"1","
269"
"1"," 0.86059228"
"1","
270"
"1"," 0.38271755"
"1","
272"
"1"," 0.45864257"
"1","
273"
"1"," 0.41216547"
"1","
274"
"1"," 0.70775018"
"1","
275"
"1"," 0.58603386"
"1","
276"
"1"," 0.58854895"
"1","
277"
"1"," 0.61779467"
"1","
279"
"1"," 0.46848192"
"1","
280"
"1"," 0.70039275"
"1","
281"
"1"," 0.85116452"
"1","
282"
"1"," 0.70218181"
"1","
283"
"1"," 0.87976073"
"1","
284"
"1"," 1.01625545"
"1","
285"
"1"," 0.58192675"
"1","
286"
"1"," 0.44224920"
"1","
287"
"1"," 0.36081237"
"1","
288"
"1"," 0.40260407"
"1","
289"
"1"," 0.39160831"
"1","
291"
"1"," 0.58878196"
"1","
292"
"1"," 0.64382073"
"1","
293"
"1"," 0.53691920"
"1","
294"
"1"," 0.44686217"
"1","
296"
"1"," 0.53580719"
"1","
298"
"1"," 0.35804350"
"1","
300"
"1"," 0.62384979"
"1","
301"
"1"," 0.50390699"
"1","
302"
"1"," 0.40720911"
"1","
304"
"1"," 0.59109844"
"1","
305"
"1"," 0.66107395"
"1","
308"
"1"," 0.52383617"
"1","
309"
"1"," 0.39638711"
"1","
310"
"1"," 0.34100191"
"1","
312"
"1"," 0.42810232"
"1","
314"
"1"," 0.35345543"
"1","
315"
"1"," 0.37257857"
"1","
317"
"1"," 0.30493925"
"1","
319"
"1"," 0.39575512"
"1","
320"
"1"," 0.37446410"
"1","
322"
"1"," 0.38170755"
"1","
323"
"1"," 0.34629457"
"1","
324"
"1"," 0.28944856"
"1","
325"
"1"," 0.41516421"
"1","
326"
"1"," 0.46393845"
"1","
327"
"1"," 0.40555046"
"1","
328"
"1"," 0.32652199"
"1","
329"
"1"," 0.32150704"
"1","
330"
"1"," 0.41362753"
"1","
331"
"1"," 0.33835224"
"1","
333"
"1"," 0.35027606"
"1","
336"
"1"," 0.39361598"
"1","
338"
"1"," 0.33049996"
"1","
339"
"1"," 0.41910995"
"1","
340"
"1"," 0.39894649"
"1","
342"
"1"," 0.63152514"
"1","
343"
"1"," 0.31756695"
"1","
344"
"1"," 0.42077534"
"1","
345"
"1"," 0.53633451"
"1","
346"
"1"," 0.29005478"
"1","
347"
"1"," 0.25862466"
"1","
349"
"1"," 0.51373530"
"1","
352"
"1"," 0.42712642"
"1","
354"
"1"," 0.51731531"
"1","
358"
"1"," 0.38469674"
"1","
361"
"1"," 0.44588432"
"1","
363"
"1"," 0.38959146"
"1","
365"
"1"," 0.46516798"
"1","
366"
"1"," 0.46860269"
"1","
369"
"1"," 0.98418881"
"1","
370"
"1"," 0.99666291"
"1","
371"
"1"," 1.01243776"
"1","
373"
"1"," 0.98632262"
"1","
374"
"1"," 0.12236793"
"1","
376"
"1"," 0.25951151"
"1","
377"
"1"," 0.15649868"
"1","
378"
"1"," 0.21369117"
"1","
379"
"1"," 0.12875507"
"1","
380"
"1"," 0.14915385"
"1","
381"
"1"," 0.11028763"
"1","
383"
"1"," 0.14822764"
"1","
384"
"1"," 0.15107601"
"1","
385"
"1"," 0.08889372"
"1","
386"
"1"," 0.10079077"
"1","
388"
"1"," 0.09403914"
"1","
389"
"1"," 0.10264259"
"1","
390"
"1"," 0.17235111"
"1","
391"
"1"," 0.22873376"
"1","
392"
"1"," 0.24654900"
"1","
393"
"1"," 0.12712075"
"1","
394"
"1"," 0.24622029"
"1","
396"
"1"," 0.22289499"
"1","
397"
"1"," 0.24395492"
"1","
398"
"1"," 0.19254008"
"1","
400"
"1"," 0.13844894"
"1","
401"
"1"," 0.09478406"
"1","
403"
"1"," 0.17845785"
"1","
404"
"1"," 0.10602142"
"1","
406"
"1"," 0.02502000"
"1","
407"
"1"," 0.14321761"
"1","
409"
"1"," 0.23467206"
"1","
410"
"1"," 0.51107252"
"1","
413"
"1"," 0.15093884"
"1","
414"
"1"," 0.28142330"
"1","
415"
"1"," 0.02062052"
"1","
416"
"1"," 0.09870697"
"1","
417"
"1"," 0.13996124"
"1","
421"
"1"," 0.18082428"
"1","
422"
"1"," 0.22430662"
"1","
424"
"1"," 0.17257607"
"1","
428"
"1"," 0.09287890"
"1","
429"
"1"," 0.17110595"
"1","
430"
"1"," 0.14111616"
"1","
432"
"1"," 0.21581258"
"1","
433"
"1"," 0.28708361"
"1","
434"
"1"," 0.21845525"
"1","
435"
"1"," 0.13013420"
"1","
436"
"1"," 0.12023649"
"1","
437"
"1"," 0.10643782"
"1","
438"
"1"," 0.07626501"
"1","
439"
"1"," 0.08553505"
"1","
440"
"1"," 0.14176792"
"1","
441"
"1"," 0.09405878"
"1","
442"
"1"," 0.16775635"
"1","
443"
"1"," 0.25422306"
"1","
444"
"1"," 0.16887293"
"1","
445"
"1"," 0.10516998"
"1","
447"
"1"," 0.21290875"
"1","
448"
"1"," 0.18919617"
"1","
449"
"1"," 0.18800699"
"1","
450"
"1"," 0.18798852"
"1","
452"
"1"," 0.25842683"
"1","
453"
"1"," 0.26935134"
"1","
454"
"1"," 0.26248596"
"1","
457"
"1"," 0.17835126"
"1","
458"
"1"," 0.16066375"
"1","
459"
"1"," 0.21245683"
"1","
460"
"1"," 0.27549112"
"1","
461"
"1"," 0.27407326"
"1","
462"
"1"," 0.35309164"
"1","
463"
"1"," 0.29826542"
"1","
464"
"1"," 0.38707922"
"1","
465"
"1"," 0.30122751"
"1","
466"
"1"," 0.35344222"
"1","
468"
"1"," 0.22520557"
"1","
471"
"1"," 0.31212098"
"1","
472"
"1"," 0.37836436"
"1","
473"
"1"," 0.38230607"
"1","
474"
"1"," 0.44221235"
"1","
475"
"1"," 0.21159501"
"1","
478"
"1"," 0.14328512"
"1","
482"
"1"," 0.45778600"
"1","
483"
"1"," 0.47644712"
"1","
484"
"1"," 0.33318746"
"1","
485"
"1"," 0.36555515"
"1","
486"
"1"," 0.40457760"
"1","
487"
"1"," 0.29744940"
"1","
489"
"1"," 0.23671015"
"1","
491"
"1"," 0.10509578"
"1","
493"
"1"," 0.33224996"
"1","
495"
"1"," 0.37903436"
"1","
496"
"1"," 0.37049670"
"1","
497"
"1"," 0.24427581"
"1","
499"
"1"," 0.34534158"
"1","
501"
"1"," 0.31394916"
"1","
502"
"1"," 0.38921660"
"1","
503"
"1"," 0.33026730"
"1","
504"
"1"," 0.46459328"
"1","
505"
"1"," 0.41458082"
"1","
"
"1","
"
"1","
"
"1","$weights
"
"1","$weights[[1]]
"
"1","$weights[[1]][[1]]
"
"1","     "
"1","        [,1]"
"1","        [,2]"
"1","         [,3]"
"1","        [,4]"
"1","         [,5]"
"1","
 [1,]"
"1","   0.2176331"
"1","  -1.8983375"
"1","   0.08685675"
"1","  0.44532259"
"1","  -1.77412430"
"1","
 [2,]"
"1"," -67.3164878"
"1"," -12.6777283"
"1","   1.90055246"
"1"," -4.35575412"
"1"," -16.78173876"
"1","
 [3,]"
"1","   2.2911289"
"1","   1.9495087"
"1"," -74.59446898"
"1"," -0.03635879"
"1","  -0.49126837"
"1","
 [4,]"
"1","  -3.6340657"
"1"," -12.5799577"
"1","   1.01090939"
"1","  2.24963996"
"1","   0.44964684"
"1","
 [5,]"
"1","   8.4070387"
"1","   8.9960476"
"1","   0.56581318"
"1","  1.63156500"
"1","  -0.60448568"
"1","
 [6,]"
"1","  -5.0669847"
"1","  -0.3494007"
"1"," -12.16167426"
"1"," -5.51667564"
"1","   0.24255825"
"1","
 [7,]"
"1","   0.3726947"
"1","  -0.7820264"
"1","   1.47240778"
"1","  0.58952433"
"1","   5.06884538"
"1","
 [8,]"
"1","  -0.6919996"
"1","  -0.2739148"
"1","   5.13272647"
"1"," -2.60045637"
"1","  -0.66806073"
"1","
 [9,]"
"1","  10.6357243"
"1","  -1.5544459"
"1"," -38.18929438"
"1","  4.24042719"
"1","  -0.89202469"
"1","
[10,]"
"1","   1.5044082"
"1","   7.1555700"
"1","   2.24206058"
"1","  5.53821800"
"1","  -1.59793316"
"1","
[11,]"
"1","   2.4778756"
"1","  -1.4343508"
"1","  -0.01401109"
"1","  1.07881671"
"1","  -1.16348817"
"1","
[12,]"
"1","   0.8145583"
"1","   5.8188560"
"1","  -2.21597203"
"1"," -0.98228857"
"1","  -1.67140045"
"1","
[13,]"
"1","   0.2114552"
"1","   1.7336088"
"1","  -0.78127657"
"1","  0.57418299"
"1","   0.04134268"
"1","
[14,]"
"1","  -9.8569926"
"1","  -6.0045257"
"1","  -3.19069940"
"1"," -0.69965161"
"1","  -2.09086573"
"1","
"
"1","
"
"1","$weights[[1]][[2]]
"
"1","    "
"1","        [,1]"
"1","       [,2]"
"1","        [,3]"
"1","
[1,]"
"1"," -0.62370983"
"1","  0.4301800"
"1"," -1.72994579"
"1","
[2,]"
"1"," -2.65401788"
"1"," -1.3492753"
"1"," -0.06189056"
"1","
[3,]"
"1","  1.61275549"
"1","  4.2315042"
"1","  0.24088786"
"1","
[4,]"
"1"," -0.03479385"
"1"," -7.4213669"
"1","  5.32772959"
"1","
[5,]"
"1","  0.36838946"
"1"," -0.4119049"
"1","  0.68521234"
"1","
[6,]"
"1","  1.97956538"
"1"," 78.6554225"
"1","  2.02870897"
"1","
"
"1","
"
"1","$weights[[1]][[3]]
"
"1","    "
"1","       [,1]"
"1","
[1,]"
"1"," -0.7635366"
"1","
[2,]"
"1","  0.4905803"
"1","
[3,]"
"1","  0.5425909"
"1","
[4,]"
"1","  1.6191529"
"1","
"
"1","
"
"1","
"
"1","
"
"1","$generalized.weights
"
"1","$generalized.weights[[1]]
"
"1","   "
"1","          [,1]"
"1","          [,2]"
"1","          [,3]"
"1","          [,4]"
"1","          [,5]"
"1","        [,6]"
"1","          [,7]"
"1","          [,8]"
"1","          [,9]"
"1","         [,10]"
"1","         [,11]"
"1","         [,12]"
"1","         [,13]"
"1","
1  "
"1"," -8.662421e+00"
"1"," -4.231581e-01"
"1"," -7.216038e-01"
"1","  2.291078e-01"
"1"," -4.451761e-01"
"1","   4.4076585"
"1"," -1.149541e+00"
"1"," -1.516931e+00"
"1","   0.910784920"
"1"," -1.354647e+00"
"1","  -0.819086398"
"1","   0.437841459"
"1","   -1.66851538"
"1","
3  "
"1"," -1.423992e+01"
"1"," -3.975980e-01"
"1"," -2.734397e-01"
"1","  3.963837e-01"
"1"," -9.438925e-01"
"1","   4.8985850"
"1"," -1.324631e+00"
"1"," -6.378182e-01"
"1","   0.734289140"
"1"," -1.173489e+00"
"1","  -1.202679191"
"1","   0.393583169"
"1","   -2.26330541"
"1","
4  "
"1"," -2.003789e+01"
"1"," -2.775666e-01"
"1"," -8.300128e-01"
"1","  9.370384e-01"
"1"," -9.558446e-01"
"1","   5.4645469"
"1"," -1.330346e+00"
"1"," -3.810068e-01"
"1","   0.555731797"
"1"," -1.255427e+00"
"1","  -1.166445363"
"1","   0.426437196"
"1","   -3.16768819"
"1","
6  "
"1"," -1.270240e+01"
"1"," -1.000921e-01"
"1"," -9.279670e-01"
"1","  1.115090e+00"
"1"," -1.077924e+00"
"1","   3.4039698"
"1"," -1.081522e+00"
"1"," -4.600463e-02"
"1","   1.240182604"
"1"," -7.839972e-01"
"1","  -0.517303614"
"1","   0.410040402"
"1","   -2.23301970"
"1","
7  "
"1","  5.774123e+00"
"1"," -7.342804e-01"
"1","  1.320023e+00"
"1"," -1.684558e+00"
"1","  4.704597e-02"
"1","   2.5289228"
"1"," -7.486597e-01"
"1"," -1.939080e+00"
"1","   0.212805562"
"1"," -9.211144e-01"
"1","  -1.122876820"
"1","   0.128626060"
"1","    0.94082041"
"1","
8  "
"1","  8.257404e+00"
"1"," -6.946467e-01"
"1","  1.516619e+00"
"1"," -1.641330e+00"
"1"," -2.418620e-01"
"1","   1.8499603"
"1"," -7.779499e-01"
"1"," -1.616277e+00"
"1","   0.629179959"
"1"," -6.946675e-01"
"1","  -1.001869039"
"1","   0.131481946"
"1","    1.29535225"
"1","
10 "
"1","  1.120361e+01"
"1"," -7.951864e-01"
"1","  1.616763e+00"
"1"," -2.042261e+00"
"1","  1.060516e-01"
"1","   1.8468762"
"1"," -6.925477e-01"
"1"," -2.184249e+00"
"1","   0.435189341"
"1"," -8.350801e-01"
"1","  -1.019431578"
"1","   0.110877805"
"1","    1.72667671"
"1","
11 "
"1","  7.716563e+00"
"1"," -6.988201e-01"
"1","  1.509395e+00"
"1"," -1.654552e+00"
"1"," -1.958569e-01"
"1","   1.9508221"
"1"," -7.655046e-01"
"1"," -1.636357e+00"
"1","   0.528826227"
"1"," -7.181194e-01"
"1","  -1.032734323"
"1","   0.123792472"
"1","    1.23178668"
"1","
13 "
"1","  1.001126e+01"
"1"," -8.321750e-01"
"1","  1.378457e+00"
"1"," -2.222587e+00"
"1","  6.713288e-01"
"1","   2.2799082"
"1"," -5.054303e-01"
"1"," -2.706823e+00"
"1","  -0.222685403"
"1"," -1.064850e+00"
"1","  -1.056633234"
"1","   0.068209862"
"1","    1.57133549"
"1","
14 "
"1","  1.166954e+01"
"1"," -3.659113e-01"
"1"," -1.418325e+00"
"1","  1.173163e-02"
"1","  1.368778e-02"
"1","   1.3676278"
"1"," -7.957634e-01"
"1"," -2.844420e+00"
"1","   2.524172408"
"1"," -1.209657e+00"
"1","   0.506736824"
"1","   0.570252005"
"1","    0.69789644"
"1","
15 "
"1","  1.341061e+01"
"1"," -3.919680e-01"
"1"," -1.473086e+00"
"1"," -2.015498e-01"
"1","  3.709742e-01"
"1","   1.2080922"
"1"," -6.355922e-01"
"1"," -3.210479e+00"
"1","   2.250764392"
"1"," -1.275069e+00"
"1","   0.579061727"
"1","   0.535017634"
"1","    0.95072777"
"1","
16 "
"1","  1.310291e+01"
"1"," -3.849335e-01"
"1"," -1.449686e+00"
"1"," -7.730068e-02"
"1","  1.214974e-01"
"1","   1.2591683"
"1"," -7.606695e-01"
"1"," -3.043029e+00"
"1","   2.544883025"
"1"," -1.245012e+00"
"1","   0.563383730"
"1","   0.573558828"
"1","    0.87619305"
"1","
17 "
"1","  9.518397e+00"
"1"," -3.529102e-01"
"1"," -1.454869e+00"
"1","  3.534555e-02"
"1","  1.223619e-01"
"1","   1.6173968"
"1"," -7.433097e-01"
"1"," -2.788821e+00"
"1","   2.201302896"
"1"," -1.239003e+00"
"1","   0.426920639"
"1","   0.539680582"
"1","    0.44102140"
"1","
18 "
"1","  2.283036e+00"
"1"," -5.620386e-02"
"1"," -1.470547e+00"
"1","  8.307127e-01"
"1"," -4.500201e-01"
"1","   1.1012771"
"1"," -6.637856e-01"
"1"," -1.170253e+00"
"1","   2.047236144"
"1"," -6.975501e-01"
"1","   0.474223041"
"1","   0.456144697"
"1","   -0.44318774"
"1","
20 "
"1","  6.350248e+00"
"1"," -8.390935e-02"
"1"," -2.014637e+00"
"1","  8.651220e-01"
"1"," -2.024550e-01"
"1","   0.9546887"
"1"," -6.603666e-01"
"1"," -1.941317e+00"
"1","   2.514814895"
"1"," -9.310992e-01"
"1","   0.809677927"
"1","   0.562446276"
"1","   -0.12577345"
"1","
21 "
"1"," -1.004778e+01"
"1","  6.394140e-02"
"1"," -1.702841e+00"
"1","  1.431856e+00"
"1"," -6.312308e-01"
"1","   2.4357528"
"1"," -7.325273e-01"
"1"," -3.178035e-01"
"1","   1.272729656"
"1"," -7.288117e-01"
"1","   0.088240700"
"1","   0.414740190"
"1","   -2.05896055"
"1","
22 "
"1","  1.523897e+00"
"1","  1.321968e-02"
"1"," -1.842917e+00"
"1","  1.073034e+00"
"1"," -3.599080e-01"
"1","   1.0278891"
"1"," -5.970150e-01"
"1"," -1.196427e+00"
"1","   2.069684100"
"1"," -7.199301e-01"
"1","   0.647719577"
"1","   0.477967597"
"1","   -0.64258230"
"1","
24 "
"1"," -6.903080e+00"
"1","  4.889355e-02"
"1"," -1.431130e+00"
"1","  1.210703e+00"
"1"," -6.254128e-01"
"1","   1.8762307"
"1"," -6.655076e-01"
"1"," -3.085954e-01"
"1","   1.343098294"
"1"," -5.969036e-01"
"1","   0.142390424"
"1","   0.378396155"
"1","   -1.55949167"
"1","
25 "
"1","  3.278986e-02"
"1"," -2.361199e-02"
"1"," -1.458824e+00"
"1","  9.069424e-01"
"1"," -4.444851e-01"
"1","   1.2406457"
"1"," -6.270773e-01"
"1"," -9.564323e-01"
"1","   1.798712782"
"1"," -6.603456e-01"
"1","   0.401632371"
"1","   0.423671839"
"1","   -0.70329179"
"1","
28 "
"1"," -1.654161e+00"
"1"," -9.275293e-02"
"1"," -7.337660e-01"
"1","  5.712531e-01"
"1"," -5.922789e-01"
"1","   1.4374287"
"1"," -6.584191e-01"
"1"," -5.374440e-01"
"1","   1.361667078"
"1"," -5.178904e-01"
"1","   0.001866890"
"1","   0.321210286"
"1","   -0.67222989"
"1","
29 "
"1","  6.577151e+00"
"1"," -2.510878e-01"
"1"," -1.311414e+00"
"1","  1.902065e-01"
"1","  3.885314e-02"
"1","   1.3744427"
"1"," -6.205492e-01"
"1"," -2.154025e+00"
"1","   1.832913637"
"1"," -9.994100e-01"
"1","   0.377710808"
"1","   0.453061818"
"1","    0.16507944"
"1","
30 "
"1","  4.244287e+00"
"1"," -2.233737e-01"
"1"," -1.397251e+00"
"1","  3.810543e-01"
"1"," -9.839378e-02"
"1","   1.6498214"
"1"," -6.924289e-01"
"1"," -1.958001e+00"
"1","   1.856711136"
"1"," -1.007757e+00"
"1","   0.323489145"
"1","   0.471835976"
"1","   -0.17590063"
"1","
31 "
"1"," -9.912077e+00"
"1"," -5.432864e-02"
"1"," -9.671397e-01"
"1","  9.688345e-01"
"1"," -7.367456e-01"
"1","   2.6547472"
"1"," -8.057774e-01"
"1"," -1.743339e-01"
"1","   0.987325431"
"1"," -6.685438e-01"
"1","  -0.296085554"
"1","   0.340054025"
"1","   -1.81219633"
"1","
32 "
"1","  1.194637e+00"
"1","  1.791351e-02"
"1"," -1.859840e+00"
"1","  1.045568e+00"
"1"," -2.600767e-01"
"1","   1.0352418"
"1"," -5.405794e-01"
"1"," -1.222911e+00"
"1","   1.909964567"
"1"," -7.260330e-01"
"1","   0.644077012"
"1","   0.457742668"
"1","   -0.66883674"
"1","
33 "
"1"," -1.163843e+01"
"1"," -2.487342e-01"
"1","  1.738633e-01"
"1","  2.217324e-01"
"1"," -7.721243e-01"
"1","   3.2798183"
"1"," -8.702004e-01"
"1","  4.855899e-02"
"1","   0.201532617"
"1"," -6.219275e-01"
"1","  -0.995158582"
"1","   0.191584093"
"1","   -1.64835121"
"1","
36 "
"1","  1.096194e+01"
"1"," -4.648127e-01"
"1"," -1.552076e+00"
"1"," -1.472783e-02"
"1","  1.591650e-01"
"1","   1.6807798"
"1"," -7.809039e-01"
"1"," -3.116580e+00"
"1","   2.380855893"
"1"," -1.341521e+00"
"1","   0.474851223"
"1","   0.579035152"
"1","    0.56888303"
"1","
39 "
"1","  1.024501e+01"
"1"," -4.515358e-01"
"1"," -1.511129e+00"
"1"," -2.499913e-01"
"1","  4.911536e-01"
"1","   2.0315581"
"1"," -6.968868e-01"
"1"," -3.380879e+00"
"1","   1.905012094"
"1"," -1.477639e+00"
"1","   0.348343557"
"1","   0.536898409"
"1","    0.53533646"
"1","
40 "
"1"," -1.422981e+01"
"1"," -2.588748e-01"
"1"," -2.609487e-01"
"1","  3.145747e-01"
"1"," -4.460241e-01"
"1","   3.9636048"
"1"," -8.340360e-01"
"1"," -3.590665e-01"
"1","  -0.119059276"
"1"," -8.935732e-01"
"1","  -1.010683685"
"1","   0.218327587"
"1","   -2.09543279"
"1","
41 "
"1"," -2.122151e+01"
"1"," -4.653013e-01"
"1"," -3.823679e-02"
"1","  4.891830e-02"
"1"," -3.567110e-01"
"1","   6.0639587"
"1"," -1.113136e+00"
"1"," -7.055360e-01"
"1","  -0.794529709"
"1"," -1.366218e+00"
"1","  -1.720099431"
"1","   0.230935551"
"1","   -2.95486106"
"1","
42 "
"1"," -1.692654e+01"
"1"," -2.270735e-01"
"1"," -1.355920e+00"
"1","  7.407736e-01"
"1"," -2.567667e-02"
"1","   4.8453532"
"1"," -8.372042e-01"
"1"," -1.138108e+00"
"1","  -0.105601041"
"1"," -1.364670e+00"
"1","  -0.774310680"
"1","   0.349370401"
"1","   -2.79326821"
"1","
43 "
"1"," -1.224965e+01"
"1"," -1.731897e-01"
"1"," -1.056996e+00"
"1","  5.952413e-01"
"1"," -8.546891e-02"
"1","   3.6266078"
"1"," -6.745328e-01"
"1"," -8.808889e-01"
"1","   0.086199268"
"1"," -1.036506e+00"
"1","  -0.550628773"
"1","   0.287587610"
"1","   -2.07033783"
"1","
44 "
"1"," -1.078384e+01"
"1"," -2.281841e-01"
"1"," -8.006998e-01"
"1","  3.390467e-01"
"1"," -1.667533e-02"
"1","   3.5355373"
"1"," -6.481048e-01"
"1"," -9.810815e-01"
"1","  -0.023353111"
"1"," -1.022764e+00"
"1","  -0.628573844"
"1","   0.254483802"
"1","   -1.79213360"
"1","
46 "
"1","  1.125316e+00"
"1"," -3.983680e-01"
"1"," -1.123937e-01"
"1"," -4.581980e-01"
"1","  9.812573e-03"
"1","   2.2523153"
"1"," -6.294412e-01"
"1"," -1.576140e+00"
"1","   0.618434038"
"1"," -8.919802e-01"
"1","  -0.464419696"
"1","   0.247333111"
"1","   -0.08988787"
"1","
47 "
"1","  9.524560e+00"
"1"," -6.939817e-01"
"1","  6.681159e-01"
"1"," -1.637358e+00"
"1","  5.545876e-01"
"1","   2.0572565"
"1"," -5.286188e-01"
"1"," -2.656927e+00"
"1","   0.304283007"
"1"," -1.076446e+00"
"1","  -0.677784356"
"1","   0.170629996"
"1","    1.25508401"
"1","
48 "
"1","  1.035434e+01"
"1"," -6.901140e-01"
"1","  1.293336e+00"
"1"," -1.619669e+00"
"1"," -1.354185e-01"
"1","   1.6350898"
"1"," -7.468799e-01"
"1"," -1.896846e+00"
"1","   0.834732850"
"1"," -7.508662e-01"
"1","  -0.821358586"
"1","   0.167984610"
"1","    1.48706941"
"1","
49 "
"1"," -9.894789e+00"
"1"," -3.603004e-01"
"1","  8.598816e-01"
"1"," -7.127481e-02"
"1"," -1.215789e+00"
"1","   3.3067361"
"1"," -1.111038e+00"
"1","  2.822194e-01"
"1","   0.551808465"
"1"," -5.179441e-01"
"1","  -1.270911653"
"1","   0.195833292"
"1","   -1.28276398"
"1","
55 "
"1"," -5.573916e+00"
"1","  2.595350e-01"
"1"," -2.016458e+00"
"1","  1.666034e+00"
"1"," -5.019642e-01"
"1","   0.8258610"
"1"," -4.028934e-01"
"1"," -9.488542e-02"
"1","   1.517882043"
"1"," -3.837900e-01"
"1","   0.675404754"
"1","   0.376779236"
"1","   -1.51702601"
"1","
59 "
"1"," -6.380496e+00"
"1","  7.326652e-03"
"1"," -8.854209e-01"
"1","  6.084617e-01"
"1"," -7.421964e-02"
"1","   1.5528082"
"1"," -2.961196e-01"
"1"," -3.388075e-01"
"1","   0.241879290"
"1"," -4.726398e-01"
"1","  -0.051251900"
"1","   0.176479072"
"1","   -1.17876881"
"1","
60 "
"1"," -4.781122e+00"
"1","  6.314827e-02"
"1"," -1.044692e+00"
"1","  7.978095e-01"
"1"," -2.271534e-01"
"1","   1.1272138"
"1"," -3.177801e-01"
"1"," -2.473929e-01"
"1","   0.656322611"
"1"," -3.867367e-01"
"1","   0.154349757"
"1","   0.218798542"
"1","   -1.04936834"
"1","
61 "
"1"," -3.995218e+00"
"1","  1.861161e-01"
"1"," -1.815983e+00"
"1","  1.374135e+00"
"1"," -3.545402e-01"
"1","   0.8467794"
"1"," -3.740048e-01"
"1"," -3.437512e-01"
"1","   1.373783665"
"1"," -4.358581e-01"
"1","   0.594715374"
"1","   0.351428373"
"1","   -1.24125318"
"1","
62 "
"1"," -2.670622e+00"
"1","  1.662293e-01"
"1"," -1.963963e+00"
"1","  1.542474e+00"
"1"," -6.537619e-01"
"1","   0.9349339"
"1"," -5.935080e-01"
"1"," -4.402219e-01"
"1","   2.043159999"
"1"," -5.067690e-01"
"1","   0.676359805"
"1","   0.460025499"
"1","   -1.20534222"
"1","
63 "
"1"," -6.889158e+00"
"1"," -9.976312e-03"
"1"," -7.730982e-01"
"1","  6.647728e-01"
"1"," -3.249914e-01"
"1","   1.7119128"
"1"," -4.389304e-01"
"1"," -1.829823e-01"
"1","   0.476241170"
"1"," -4.583646e-01"
"1","  -0.136535046"
"1","   0.207436217"
"1","   -1.25248383"
"1","
64 "
"1"," -8.441347e+00"
"1","  3.808086e-02"
"1"," -1.346142e+00"
"1","  9.264252e-01"
"1"," -9.976727e-02"
"1","   2.0083608"
"1"," -3.901924e-01"
"1"," -4.736099e-01"
"1","   0.428654747"
"1"," -6.395610e-01"
"1","   0.023830538"
"1","   0.257055073"
"1","   -1.61964539"
"1","
65 "
"1"," -1.497645e+01"
"1"," -2.564061e-02"
"1"," -1.697150e+00"
"1","  1.262582e+00"
"1"," -3.261931e-01"
"1","   3.6685135"
"1"," -7.545722e-01"
"1"," -5.992524e-01"
"1","   0.525069637"
"1"," -1.029786e+00"
"1","  -0.294684394"
"1","   0.382636532"
"1","   -2.65715947"
"1","
66 "
"1"," -1.278478e+01"
"1","  3.135098e-02"
"1"," -1.853939e+00"
"1","  1.233353e+00"
"1"," -5.568365e-02"
"1","   3.0469226"
"1"," -5.351832e-01"
"1"," -7.201542e-01"
"1","   0.400041380"
"1"," -9.498795e-01"
"1","  -0.055007688"
"1","   0.344065338"
"1","   -2.36933758"
"1","
67 "
"1"," -7.928662e+00"
"1","  2.117452e-01"
"1"," -2.183932e+00"
"1","  1.597729e+00"
"1"," -2.167036e-01"
"1","   1.5141169"
"1"," -3.802124e-01"
"1"," -4.291983e-01"
"1","   1.103803388"
"1"," -6.129147e-01"
"1","   0.540863781"
"1","   0.373260802"
"1","   -1.84782841"
"1","
68 "
"1"," -8.084512e+00"
"1","  1.568883e-01"
"1"," -1.990646e+00"
"1","  1.409834e+00"
"1"," -1.575802e-01"
"1","   1.7135878"
"1"," -3.880701e-01"
"1"," -5.063566e-01"
"1","   0.916727328"
"1"," -6.531975e-01"
"1","   0.399275107"
"1","   0.348127914"
"1","   -1.80048208"
"1","
69 "
"1"," -6.257632e+00"
"1","  6.217709e-02"
"1"," -1.533939e+00"
"1","  1.052933e+00"
"1"," -1.985354e-01"
"1","   1.6885294"
"1"," -4.329036e-01"
"1"," -5.664662e-01"
"1","   0.876674548"
"1"," -6.273038e-01"
"1","   0.223829814"
"1","   0.315418165"
"1","   -1.43331791"
"1","
71 "
"1"," -9.898999e+00"
"1"," -2.766397e-01"
"1"," -3.024183e-01"
"1"," -5.356597e-02"
"1","  1.277556e-01"
"1","   3.3085937"
"1"," -5.171851e-01"
"1"," -8.903914e-01"
"1","  -0.487052748"
"1"," -9.031625e-01"
"1","  -0.798460049"
"1","   0.146371637"
"1","   -1.46750996"
"1","
72 "
"1"," -2.930678e+00"
"1"," -3.112799e-01"
"1","  5.738556e-02"
"1"," -4.582769e-01"
"1","  2.221935e-01"
"1","   2.1868626"
"1"," -3.723002e-01"
"1"," -1.071343e+00"
"1","  -0.259677742"
"1"," -7.085061e-01"
"1","  -0.598585086"
"1","   0.100701184"
"1","   -0.44378502"
"1","
73 "
"1"," -9.064059e+00"
"1"," -1.854209e-01"
"1"," -5.467482e-01"
"1","  1.980277e-01"
"1","  5.279995e-02"
"1","   2.8309681"
"1"," -4.678516e-01"
"1"," -7.388562e-01"
"1","  -0.219426898"
"1"," -7.940853e-01"
"1","  -0.556505468"
"1","   0.169252828"
"1","   -1.43747999"
"1","
74 "
"1"," -7.880885e+00"
"1"," -2.758654e-01"
"1"," -2.052358e-01"
"1"," -1.535216e-01"
"1","  1.538451e-01"
"1","   2.9252506"
"1"," -4.608423e-01"
"1"," -9.082574e-01"
"1","  -0.425974903"
"1"," -8.264107e-01"
"1","  -0.723438349"
"1","   0.129021466"
"1","   -1.16918056"
"1","
76 "
"1","  4.644930e-01"
"1"," -5.137396e-01"
"1","  6.595576e-01"
"1"," -1.129570e+00"
"1","  3.542484e-01"
"1","   2.3951160"
"1"," -4.337410e-01"
"1"," -1.544577e+00"
"1","  -0.403555184"
"1"," -8.255546e-01"
"1","  -0.881043368"
"1","   0.066333479"
"1","    0.16565900"
"1","
77 "
"1","  1.117004e+01"
"1"," -8.640187e-01"
"1","  1.387664e+00"
"1"," -2.142397e+00"
"1","  5.307362e-01"
"1","   1.9200751"
"1"," -5.048254e-01"
"1"," -2.592473e+00"
"1","   0.013043348"
"1"," -9.585069e-01"
"1","  -0.953427403"
"1","   0.076938030"
"1","    1.70779712"
"1","
78 "
"1","  7.185743e+00"
"1"," -6.993420e-01"
"1","  9.865810e-01"
"1"," -1.808008e+00"
"1","  6.997431e-01"
"1","   2.1029145"
"1"," -3.765909e-01"
"1"," -2.370628e+00"
"1","  -0.364947864"
"1"," -9.648965e-01"
"1","  -0.878188744"
"1","   0.054522116"
"1","    1.12830654"
"1","
79 "
"1","  5.547775e+00"
"1"," -5.959953e-01"
"1","  9.110371e-01"
"1"," -1.555449e+00"
"1","  5.513416e-01"
"1","   1.9102295"
"1"," -3.540509e-01"
"1"," -1.960281e+00"
"1","  -0.338804044"
"1"," -8.247012e-01"
"1","  -0.815024045"
"1","   0.043722322"
"1","    0.90491227"
"1","
81 "
"1"," -1.435988e+01"
"1"," -6.437691e-02"
"1"," -1.575980e+00"
"1","  1.163887e+00"
"1"," -3.682497e-01"
"1","   3.7293006"
"1"," -8.036277e-01"
"1"," -6.554391e-01"
"1","   0.584384838"
"1"," -1.048687e+00"
"1","  -0.353716791"
"1","   0.388155111"
"1","   -2.55570005"
"1","
83 "
"1"," -1.061576e+01"
"1","  2.742159e-02"
"1"," -1.665153e+00"
"1","  1.254902e+00"
"1"," -3.883564e-01"
"1","   2.6877935"
"1"," -6.608035e-01"
"1"," -5.283933e-01"
"1","   0.904809287"
"1"," -8.243848e-01"
"1","  -0.008721014"
"1","   0.379604467"
"1","   -2.08619614"
"1","
84 "
"1"," -8.864846e+00"
"1","  7.717682e-02"
"1"," -1.708726e+00"
"1","  1.402470e+00"
"1"," -5.936699e-01"
"1","   2.2070099"
"1"," -6.918835e-01"
"1"," -3.554923e-01"
"1","   1.320339747"
"1"," -6.964476e-01"
"1","   0.161285148"
"1","   0.410470763"
"1","   -1.90255115"
"1","
85 "
"1"," -3.702254e+00"
"1"," -2.486456e-01"
"1"," -1.359835e+00"
"1","  6.264186e-01"
"1"," -3.802707e-01"
"1","   3.0504115"
"1"," -9.502919e-01"
"1"," -1.580591e+00"
"1","   1.559477085"
"1"," -1.171109e+00"
"1","  -0.131588260"
"1","   0.494820224"
"1","   -1.22108296"
"1","
86 "
"1"," -8.767485e+00"
"1"," -2.177651e-01"
"1"," -1.519196e+00"
"1","  1.001055e+00"
"1"," -6.907762e-01"
"1","   3.7888064"
"1"," -1.147545e+00"
"1"," -1.227071e+00"
"1","   1.636287090"
"1"," -1.234371e+00"
"1","  -0.294503471"
"1","   0.546476132"
"1","   -1.96499409"
"1","
87 "
"1","  8.366994e+00"
"1"," -4.821843e-01"
"1"," -9.321474e-01"
"1"," -3.978766e-01"
"1","  2.097804e-01"
"1","   2.1633316"
"1"," -7.788904e-01"
"1"," -2.861640e+00"
"1","   1.709455933"
"1"," -1.312626e+00"
"1","   0.034861863"
"1","   0.470997199"
"1","    0.47317286"
"1","
88 "
"1","  4.352212e+00"
"1"," -4.613068e-01"
"1"," -1.316480e+00"
"1","  9.146923e-02"
"1"," -8.752931e-02"
"1","   2.7317543"
"1"," -9.643724e-01"
"1"," -2.644087e+00"
"1","   1.998905609"
"1"," -1.396785e+00"
"1","   0.030238397"
"1","   0.558481827"
"1","   -0.21875261"
"1","
89 "
"1"," -6.349608e-01"
"1"," -9.932422e-01"
"1"," -1.385979e+00"
"1"," -1.709509e-01"
"1","  2.728718e-01"
"1","   4.3960511"
"1"," -1.017179e+00"
"1"," -3.465775e+00"
"1","   1.231199599"
"1"," -1.880643e+00"
"1","  -0.433703854"
"1","   0.553085020"
"1","   -0.88274849"
"1","
90 "
"1"," -2.612311e+00"
"1"," -7.423194e-01"
"1"," -1.356121e+00"
"1"," -4.470044e-04"
"1"," -6.129562e-02"
"1","   4.9260136"
"1"," -1.300605e+00"
"1"," -3.150539e+00"
"1","   1.585195300"
"1"," -1.945207e+00"
"1","  -0.579307044"
"1","   0.629173472"
"1","   -1.19088600"
"1","
91 "
"1","  5.531863e+00"
"1"," -8.446170e-01"
"1"," -1.309232e+00"
"1"," -3.776014e-01"
"1","  3.830413e-01"
"1","   3.3922613"
"1"," -9.095935e-01"
"1"," -3.620848e+00"
"1","   1.582005628"
"1"," -1.748798e+00"
"1","  -0.139838262"
"1","   0.551016981"
"1","   -0.05598838"
"1","
92 "
"1","  6.215277e+00"
"1"," -9.995340e-01"
"1"," -1.371952e+00"
"1"," -4.264436e-01"
"1","  4.936188e-01"
"1","   3.3159852"
"1"," -8.364364e-01"
"1"," -3.842712e+00"
"1","   1.510596457"
"1"," -1.775379e+00"
"1","  -0.091889162"
"1","   0.541615514"
"1","    0.02101712"
"1","
93 "
"1","  5.843480e+00"
"1"," -9.428479e-01"
"1","  1.526611e+00"
"1"," -2.298759e+00"
"1","  5.718288e-01"
"1","   3.4835698"
"1"," -7.331438e-01"
"1"," -2.786848e+00"
"1","  -0.439424853"
"1"," -1.306050e+00"
"1","  -1.467941731"
"1","   0.095281883"
"1","    1.04135772"
"1","
94 "
"1","  1.487519e+00"
"1"," -7.841339e-01"
"1","  1.080630e+00"
"1"," -1.815555e+00"
"1","  6.068023e-01"
"1","   3.5082530"
"1"," -6.118344e-01"
"1"," -2.383283e+00"
"1","  -0.690490961"
"1"," -1.231316e+00"
"1","  -1.335229382"
"1","   0.079360150"
"1","    0.39121153"
"1","
95 "
"1","  7.169527e+00"
"1"," -8.197283e-01"
"1","  1.572068e+00"
"1"," -1.944760e+00"
"1","  5.512091e-02"
"1","   2.6449454"
"1"," -8.045887e-01"
"1"," -2.122074e+00"
"1","   0.218834700"
"1"," -9.734952e-01"
"1","  -1.246033051"
"1","   0.124697243"
"1","    1.18239130"
"1","
96 "
"1"," -3.465581e+00"
"1"," -5.914895e-01"
"1"," -1.316836e+00"
"1","  4.052682e-01"
"1"," -4.180999e-01"
"1","   3.9689872"
"1"," -1.188356e+00"
"1"," -2.246978e+00"
"1","   1.750555715"
"1"," -1.507663e+00"
"1","  -0.368148535"
"1","   0.577810331"
"1","   -1.26156149"
"1","
97 "
"1","  9.059951e+00"
"1"," -6.792934e-01"
"1"," -1.218337e+00"
"1"," -3.247417e-01"
"1","  2.167076e-01"
"1","   2.4463861"
"1"," -8.622342e-01"
"1"," -3.319995e+00"
"1","   1.991950652"
"1"," -1.498208e+00"
"1","   0.105743930"
"1","   0.548098193"
"1","    0.42304965"
"1","
98 "
"1"," -1.398757e+01"
"1"," -1.789280e+00"
"1"," -2.430816e+00"
"1","  1.447875e+00"
"1"," -1.333416e+00"
"1","   6.9746700"
"1"," -1.990392e+00"
"1"," -3.166900e+00"
"1","   2.861162636"
"1"," -2.302123e+00"
"1","  -0.710388194"
"1","   0.949452525"
"1","   -3.27802816"
"1","
99 "
"1"," -2.705740e+01"
"1"," -7.935205e-01"
"1"," -4.009349e+00"
"1","  2.671696e+00"
"1"," -1.712072e+00"
"1","  10.4639962"
"1"," -2.938126e+00"
"1"," -3.211431e+00"
"1","   3.760916794"
"1"," -3.295103e+00"
"1","  -0.957933578"
"1","   1.382824883"
"1","   -5.65059859"
"1","
101"
"1","  6.279824e+00"
"1"," -8.855509e-01"
"1"," -1.661805e+00"
"1","  2.976560e-01"
"1"," -5.537686e-02"
"1","   2.0676284"
"1"," -7.719774e-01"
"1"," -2.934304e+00"
"1","   2.181679395"
"1"," -1.301931e+00"
"1","   0.360194846"
"1","   0.561562047"
"1","   -0.07877728"
"1","
102"
"1","  8.703685e+00"
"1"," -8.190370e-01"
"1"," -1.432187e+00"
"1"," -1.569738e-01"
"1","  1.672263e-01"
"1","   2.4535788"
"1"," -8.623734e-01"
"1"," -3.418641e+00"
"1","   2.127128124"
"1"," -1.521714e+00"
"1","   0.195059468"
"1","   0.577564748"
"1","    0.29221778"
"1","
"
"1"," [ reached getOption(""max.print"") -- omitted 291 rows ]
"
"1","
"
"1","
"
"1","$startweights
"
"1","$startweights[[1]]
"
"1","$startweights[[1]][[1]]
"
"1","     "
"1","        [,1]"
"1","         [,2]"
"1","        [,3]"
"1","       [,4]"
"1","       [,5]"
"1","
 [1,]"
"1","  0.54706980"
"1"," -0.006015261"
"1","  0.49558916"
"1"," -0.6381566"
"1","  0.0206977"
"1","
 [2,]"
"1"," -0.22568718"
"1","  1.744115205"
"1"," -0.87803612"
"1"," -0.3076665"
"1","  0.3373461"
"1","
 [3,]"
"1","  0.39365628"
"1"," -0.061369075"
"1"," -0.15199435"
"1","  0.7297180"
"1","  0.1589362"
"1","
 [4,]"
"1","  0.12358193"
"1"," -2.534382192"
"1","  1.13728124"
"1"," -0.9544751"
"1","  0.9256376"
"1","
 [5,]"
"1","  0.16128663"
"1","  0.393002540"
"1"," -2.28304581"
"1","  0.8580355"
"1","  0.8395591"
"1","
 [6,]"
"1"," -1.27481628"
"1","  0.667802009"
"1","  1.65260531"
"1"," -1.4813921"
"1"," -1.0939246"
"1","
 [7,]"
"1"," -1.17720155"
"1"," -0.177935033"
"1","  1.15980850"
"1"," -0.9303329"
"1"," -0.2008624"
"1","
 [8,]"
"1","  0.12665808"
"1"," -0.396254245"
"1"," -0.88192875"
"1"," -1.0166150"
"1"," -1.0763501"
"1","
 [9,]"
"1","  1.74118437"
"1"," -0.520089870"
"1","  0.94528807"
"1"," -0.2116883"
"1","  0.2599281"
"1","
[10,]"
"1"," -0.58622542"
"1","  0.878683964"
"1","  0.09765185"
"1","  1.6528664"
"1"," -0.7896609"
"1","
[11,]"
"1"," -0.44518708"
"1"," -0.539351587"
"1"," -2.93756284"
"1","  0.7252966"
"1"," -2.0028304"
"1","
[12,]"
"1"," -0.08693187"
"1","  1.364223825"
"1"," -0.02027510"
"1"," -0.2322362"
"1","  0.5922348"
"1","
[13,]"
"1","  0.27983066"
"1","  1.666486867"
"1","  0.39007170"
"1","  0.5845080"
"1"," -0.4093031"
"1","
[14,]"
"1","  0.10701647"
"1"," -0.236465229"
"1"," -1.94291045"
"1","  2.4154543"
"1"," -1.4592661"
"1","
"
"1","
"
"1","$startweights[[1]][[2]]
"
"1","    "
"1","        [,1]"
"1","          [,2]"
"1","       [,3]"
"1","
[1,]"
"1","  0.15012997"
"1","  1.560625e+00"
"1"," -1.9548478"
"1","
[2,]"
"1"," -0.76635226"
"1","  1.113369e+00"
"1"," -0.3137719"
"1","
[3,]"
"1","  0.63696053"
"1"," -5.690960e-01"
"1"," -0.3648914"
"1","
[4,]"
"1","  0.07179695"
"1"," -9.182966e-01"
"1"," -0.2691230"
"1","
[5,]"
"1","  0.52067597"
"1","  3.676878e-05"
"1","  0.5202546"
"1","
[6,]"
"1","  0.70467718"
"1"," -1.076635e-01"
"1"," -0.4154702"
"1","
"
"1","
"
"1","$startweights[[1]][[3]]
"
"1","    "
"1","       [,1]"
"1","
[1,]"
"1"," -1.0045451"
"1","
[2,]"
"1","  0.1667266"
"1","
[3,]"
"1","  0.2820770"
"1","
[4,]"
"1","  1.2435224"
"1","
"
"1","
"
"1","
"
"1","
"
"1","$result.matrix
"
"1","                     "
"1","          [,1]"
"1","
error                "
"1","  3.818508e-01"
"1","
reached.threshold    "
"1","  8.991261e-03"
"1","
steps                "
"1","  4.084000e+03"
"1","
Intercept.to.1layhid1"
"1","  2.176331e-01"
"1","
crim.to.1layhid1     "
"1"," -6.731649e+01"
"1","
zn.to.1layhid1       "
"1","  2.291129e+00"
"1","
indus.to.1layhid1    "
"1"," -3.634066e+00"
"1","
chas.to.1layhid1     "
"1","  8.407039e+00"
"1","
nox.to.1layhid1      "
"1"," -5.066985e+00"
"1","
rm.to.1layhid1       "
"1","  3.726947e-01"
"1","
age.to.1layhid1      "
"1"," -6.919996e-01"
"1","
dis.to.1layhid1      "
"1","  1.063572e+01"
"1","
rad.to.1layhid1      "
"1","  1.504408e+00"
"1","
tax.to.1layhid1      "
"1","  2.477876e+00"
"1","
ptratio.to.1layhid1  "
"1","  8.145583e-01"
"1","
black.to.1layhid1    "
"1","  2.114552e-01"
"1","
lstat.to.1layhid1    "
"1"," -9.856993e+00"
"1","
Intercept.to.1layhid2"
"1"," -1.898338e+00"
"1","
crim.to.1layhid2     "
"1"," -1.267773e+01"
"1","
zn.to.1layhid2       "
"1","  1.949509e+00"
"1","
indus.to.1layhid2    "
"1"," -1.257996e+01"
"1","
chas.to.1layhid2     "
"1","  8.996048e+00"
"1","
nox.to.1layhid2      "
"1"," -3.494007e-01"
"1","
rm.to.1layhid2       "
"1"," -7.820264e-01"
"1","
age.to.1layhid2      "
"1"," -2.739148e-01"
"1","
dis.to.1layhid2      "
"1"," -1.554446e+00"
"1","
rad.to.1layhid2      "
"1","  7.155570e+00"
"1","
tax.to.1layhid2      "
"1"," -1.434351e+00"
"1","
ptratio.to.1layhid2  "
"1","  5.818856e+00"
"1","
black.to.1layhid2    "
"1","  1.733609e+00"
"1","
lstat.to.1layhid2    "
"1"," -6.004526e+00"
"1","
Intercept.to.1layhid3"
"1","  8.685675e-02"
"1","
crim.to.1layhid3     "
"1","  1.900552e+00"
"1","
zn.to.1layhid3       "
"1"," -7.459447e+01"
"1","
indus.to.1layhid3    "
"1","  1.010909e+00"
"1","
chas.to.1layhid3     "
"1","  5.658132e-01"
"1","
nox.to.1layhid3      "
"1"," -1.216167e+01"
"1","
rm.to.1layhid3       "
"1","  1.472408e+00"
"1","
age.to.1layhid3      "
"1","  5.132726e+00"
"1","
dis.to.1layhid3      "
"1"," -3.818929e+01"
"1","
rad.to.1layhid3      "
"1","  2.242061e+00"
"1","
tax.to.1layhid3      "
"1"," -1.401109e-02"
"1","
ptratio.to.1layhid3  "
"1"," -2.215972e+00"
"1","
black.to.1layhid3    "
"1"," -7.812766e-01"
"1","
lstat.to.1layhid3    "
"1"," -3.190699e+00"
"1","
Intercept.to.1layhid4"
"1","  4.453226e-01"
"1","
crim.to.1layhid4     "
"1"," -4.355754e+00"
"1","
zn.to.1layhid4       "
"1"," -3.635879e-02"
"1","
indus.to.1layhid4    "
"1","  2.249640e+00"
"1","
chas.to.1layhid4     "
"1","  1.631565e+00"
"1","
nox.to.1layhid4      "
"1"," -5.516676e+00"
"1","
rm.to.1layhid4       "
"1","  5.895243e-01"
"1","
age.to.1layhid4      "
"1"," -2.600456e+00"
"1","
dis.to.1layhid4      "
"1","  4.240427e+00"
"1","
rad.to.1layhid4      "
"1","  5.538218e+00"
"1","
tax.to.1layhid4      "
"1","  1.078817e+00"
"1","
ptratio.to.1layhid4  "
"1"," -9.822886e-01"
"1","
black.to.1layhid4    "
"1","  5.741830e-01"
"1","
lstat.to.1layhid4    "
"1"," -6.996516e-01"
"1","
Intercept.to.1layhid5"
"1"," -1.774124e+00"
"1","
crim.to.1layhid5     "
"1"," -1.678174e+01"
"1","
zn.to.1layhid5       "
"1"," -4.912684e-01"
"1","
indus.to.1layhid5    "
"1","  4.496468e-01"
"1","
chas.to.1layhid5     "
"1"," -6.044857e-01"
"1","
nox.to.1layhid5      "
"1","  2.425582e-01"
"1","
rm.to.1layhid5       "
"1","  5.068845e+00"
"1","
age.to.1layhid5      "
"1"," -6.680607e-01"
"1","
dis.to.1layhid5      "
"1"," -8.920247e-01"
"1","
rad.to.1layhid5      "
"1"," -1.597933e+00"
"1","
tax.to.1layhid5      "
"1"," -1.163488e+00"
"1","
ptratio.to.1layhid5  "
"1"," -1.671400e+00"
"1","
black.to.1layhid5    "
"1","  4.134268e-02"
"1","
lstat.to.1layhid5    "
"1"," -2.090866e+00"
"1","
Intercept.to.2layhid1"
"1"," -6.237098e-01"
"1","
1layhid1.to.2layhid1 "
"1"," -2.654018e+00"
"1","
1layhid2.to.2layhid1 "
"1","  1.612755e+00"
"1","
1layhid3.to.2layhid1 "
"1"," -3.479385e-02"
"1","
1layhid4.to.2layhid1 "
"1","  3.683895e-01"
"1","
1layhid5.to.2layhid1 "
"1","  1.979565e+00"
"1","
Intercept.to.2layhid2"
"1","  4.301800e-01"
"1","
1layhid1.to.2layhid2 "
"1"," -1.349275e+00"
"1","
1layhid2.to.2layhid2 "
"1","  4.231504e+00"
"1","
1layhid3.to.2layhid2 "
"1"," -7.421367e+00"
"1","
1layhid4.to.2layhid2 "
"1"," -4.119049e-01"
"1","
1layhid5.to.2layhid2 "
"1","  7.865542e+01"
"1","
Intercept.to.2layhid3"
"1"," -1.729946e+00"
"1","
1layhid1.to.2layhid3 "
"1"," -6.189056e-02"
"1","
1layhid2.to.2layhid3 "
"1","  2.408879e-01"
"1","
1layhid3.to.2layhid3 "
"1","  5.327730e+00"
"1","
1layhid4.to.2layhid3 "
"1","  6.852123e-01"
"1","
1layhid5.to.2layhid3 "
"1","  2.028709e+00"
"1","
Intercept.to.medv    "
"1"," -7.635366e-01"
"1","
2layhid1.to.medv     "
"1","  4.905803e-01"
"1","
2layhid2.to.medv     "
"1","  5.425909e-01"
"1","
2layhid3.to.medv     "
"1","  1.619153e+00"
"1","
"
"1","
"
"1","attr(,""class"")"
"1","
"
"1","[1]"
"1"," ""nn"""
"1","
"
